--
-- PostgreSQL database dump
--

\restrict Jvo2cbBWjMTb31o81YwppyLYXhAiA1MjXyQC04BzpKNDwvFSv8OblSgEfjaUzPe

-- Dumped from database version 16.11 (Homebrew)
-- Dumped by pg_dump version 16.11 (Homebrew)

SET statement_timeout = 0;
SET lock_timeout = 0;
SET idle_in_transaction_session_timeout = 0;
SET client_encoding = 'UTF8';
SET standard_conforming_strings = on;
SELECT pg_catalog.set_config('search_path', '', false);
SET check_function_bodies = false;
SET xmloption = content;
SET client_min_messages = warning;
SET row_security = off;

--
-- Name: ekc_eschweilerkanuclub; Type: SCHEMA; Schema: -; Owner: kcuser
--

CREATE SCHEMA ekc_eschweilerkanuclub;


ALTER SCHEMA ekc_eschweilerkanuclub OWNER TO kcuser;

SET default_tablespace = '';

SET default_table_access_method = heap;

--
-- Name: abrechnung; Type: TABLE; Schema: ekc_eschweilerkanuclub; Owner: kcuser
--

CREATE TABLE ekc_eschweilerkanuclub.abrechnung (
    id bigint NOT NULL,
    veranstaltung_id bigint NOT NULL,
    status character varying(30) DEFAULT 'OFFEN'::character varying NOT NULL,
    verwendeter_foerdersatz numeric(10,2)
);


ALTER TABLE ekc_eschweilerkanuclub.abrechnung OWNER TO kcuser;

--
-- Name: abrechnung_beleg; Type: TABLE; Schema: ekc_eschweilerkanuclub; Owner: kcuser
--

CREATE TABLE ekc_eschweilerkanuclub.abrechnung_beleg (
    id bigint NOT NULL,
    abrechnung_id bigint NOT NULL,
    beleg_nummer character varying(50) NOT NULL,
    rechnungsnummer character varying(100),
    datum date NOT NULL,
    beschreibung character varying(500),
    finanz_gruppe_id bigint NOT NULL,
    lfd_nr integer NOT NULL
);


ALTER TABLE ekc_eschweilerkanuclub.abrechnung_beleg OWNER TO kcuser;

--
-- Name: abrechnung_beleg_id_seq; Type: SEQUENCE; Schema: ekc_eschweilerkanuclub; Owner: kcuser
--

ALTER TABLE ekc_eschweilerkanuclub.abrechnung_beleg ALTER COLUMN id ADD GENERATED BY DEFAULT AS IDENTITY (
    SEQUENCE NAME ekc_eschweilerkanuclub.abrechnung_beleg_id_seq
    START WITH 1
    INCREMENT BY 1
    NO MINVALUE
    NO MAXVALUE
    CACHE 1
);


--
-- Name: abrechnung_buchung; Type: TABLE; Schema: ekc_eschweilerkanuclub; Owner: kcuser
--

CREATE TABLE ekc_eschweilerkanuclub.abrechnung_buchung (
    id bigint NOT NULL,
    kategorie character varying(40) NOT NULL,
    betrag numeric(12,2) NOT NULL,
    datum date NOT NULL,
    beschreibung character varying(500),
    beleg_id bigint NOT NULL
);


ALTER TABLE ekc_eschweilerkanuclub.abrechnung_buchung OWNER TO kcuser;

--
-- Name: abrechnung_buchung_id_seq; Type: SEQUENCE; Schema: ekc_eschweilerkanuclub; Owner: kcuser
--

ALTER TABLE ekc_eschweilerkanuclub.abrechnung_buchung ALTER COLUMN id ADD GENERATED BY DEFAULT AS IDENTITY (
    SEQUENCE NAME ekc_eschweilerkanuclub.abrechnung_buchung_id_seq
    START WITH 1
    INCREMENT BY 1
    NO MINVALUE
    NO MAXVALUE
    CACHE 1
);


--
-- Name: abrechnung_id_seq; Type: SEQUENCE; Schema: ekc_eschweilerkanuclub; Owner: kcuser
--

ALTER TABLE ekc_eschweilerkanuclub.abrechnung ALTER COLUMN id ADD GENERATED BY DEFAULT AS IDENTITY (
    SEQUENCE NAME ekc_eschweilerkanuclub.abrechnung_id_seq
    START WITH 1
    INCREMENT BY 1
    NO MINVALUE
    NO MAXVALUE
    CACHE 1
);


--
-- Name: erhebungsbogen; Type: TABLE; Schema: ekc_eschweilerkanuclub; Owner: kcuser
--

CREATE TABLE ekc_eschweilerkanuclub.erhebungsbogen (
    id bigint NOT NULL,
    veranstaltung_id bigint NOT NULL,
    abgeschlossen boolean NOT NULL,
    stichtag date NOT NULL,
    teilnehmer_maennlich_u6 integer,
    teilnehmer_maennlich_6_13 integer,
    teilnehmer_maennlich_14_17 integer,
    teilnehmer_maennlich_18_plus integer,
    teilnehmer_weiblich_u6 integer,
    teilnehmer_weiblich_6_13 integer,
    teilnehmer_weiblich_14_17 integer,
    teilnehmer_weiblich_18_plus integer,
    teilnehmer_divers_u6 integer,
    teilnehmer_divers_6_13 integer,
    teilnehmer_divers_14_17 integer,
    teilnehmer_divers_18_plus integer,
    mitarbeiter_maennlich integer,
    mitarbeiter_weiblich integer,
    mitarbeiter_divers integer,
    bemerkung character varying(500),
    created_at timestamp without time zone NOT NULL,
    created_by character varying(100),
    last_modified_at timestamp without time zone,
    last_modified_by character varying(100)
);


ALTER TABLE ekc_eschweilerkanuclub.erhebungsbogen OWNER TO kcuser;

--
-- Name: erhebungsbogen_id_seq; Type: SEQUENCE; Schema: ekc_eschweilerkanuclub; Owner: kcuser
--

ALTER TABLE ekc_eschweilerkanuclub.erhebungsbogen ALTER COLUMN id ADD GENERATED BY DEFAULT AS IDENTITY (
    SEQUENCE NAME ekc_eschweilerkanuclub.erhebungsbogen_id_seq
    START WITH 1
    INCREMENT BY 1
    NO MINVALUE
    NO MAXVALUE
    CACHE 1
);


--
-- Name: finanz_gruppe; Type: TABLE; Schema: ekc_eschweilerkanuclub; Owner: kcuser
--

CREATE TABLE ekc_eschweilerkanuclub.finanz_gruppe (
    id bigint NOT NULL,
    kuerzel character varying(20) NOT NULL,
    veranstaltung_id bigint NOT NULL
);


ALTER TABLE ekc_eschweilerkanuclub.finanz_gruppe OWNER TO kcuser;

--
-- Name: finanz_gruppe_id_seq; Type: SEQUENCE; Schema: ekc_eschweilerkanuclub; Owner: kcuser
--

ALTER TABLE ekc_eschweilerkanuclub.finanz_gruppe ALTER COLUMN id ADD GENERATED BY DEFAULT AS IDENTITY (
    SEQUENCE NAME ekc_eschweilerkanuclub.finanz_gruppe_id_seq
    START WITH 1
    INCREMENT BY 1
    NO MINVALUE
    NO MAXVALUE
    CACHE 1
);


--
-- Name: foerdersatz; Type: TABLE; Schema: ekc_eschweilerkanuclub; Owner: kcuser
--

CREATE TABLE ekc_eschweilerkanuclub.foerdersatz (
    id bigint NOT NULL,
    gueltig_von date NOT NULL,
    gueltig_bis date,
    foerdersatz numeric(10,2) NOT NULL,
    beschluss character varying(255),
    typ character varying(20) NOT NULL
);


ALTER TABLE ekc_eschweilerkanuclub.foerdersatz OWNER TO kcuser;

--
-- Name: foerdersatz_id_seq; Type: SEQUENCE; Schema: ekc_eschweilerkanuclub; Owner: kcuser
--

ALTER TABLE ekc_eschweilerkanuclub.foerdersatz ALTER COLUMN id ADD GENERATED BY DEFAULT AS IDENTITY (
    SEQUENCE NAME ekc_eschweilerkanuclub.foerdersatz_id_seq
    START WITH 1
    INCREMENT BY 1
    NO MINVALUE
    NO MAXVALUE
    CACHE 1
);


--
-- Name: kik_zuschlag; Type: TABLE; Schema: ekc_eschweilerkanuclub; Owner: kcuser
--

CREATE TABLE ekc_eschweilerkanuclub.kik_zuschlag (
    id bigint NOT NULL,
    gueltig_von date NOT NULL,
    gueltig_bis date,
    kik_zuschlag numeric(10,2) NOT NULL,
    beschluss character varying(255)
);


ALTER TABLE ekc_eschweilerkanuclub.kik_zuschlag OWNER TO kcuser;

--
-- Name: kik_zuschlag_id_seq; Type: SEQUENCE; Schema: ekc_eschweilerkanuclub; Owner: kcuser
--

ALTER TABLE ekc_eschweilerkanuclub.kik_zuschlag ALTER COLUMN id ADD GENERATED BY DEFAULT AS IDENTITY (
    SEQUENCE NAME ekc_eschweilerkanuclub.kik_zuschlag_id_seq
    START WITH 1
    INCREMENT BY 1
    NO MINVALUE
    NO MAXVALUE
    CACHE 1
);


--
-- Name: mitglied; Type: TABLE; Schema: ekc_eschweilerkanuclub; Owner: kcuser
--

CREATE TABLE ekc_eschweilerkanuclub.mitglied (
    id bigint NOT NULL,
    person_id bigint NOT NULL,
    verein_id bigint NOT NULL,
    funktion character varying(50),
    haupt_verein boolean NOT NULL,
    created_at timestamp without time zone NOT NULL,
    created_by character varying(100),
    last_modified_at timestamp without time zone,
    last_modified_by character varying(100)
);


ALTER TABLE ekc_eschweilerkanuclub.mitglied OWNER TO kcuser;

--
-- Name: mitglied_id_seq; Type: SEQUENCE; Schema: ekc_eschweilerkanuclub; Owner: kcuser
--

ALTER TABLE ekc_eschweilerkanuclub.mitglied ALTER COLUMN id ADD GENERATED BY DEFAULT AS IDENTITY (
    SEQUENCE NAME ekc_eschweilerkanuclub.mitglied_id_seq
    START WITH 1
    INCREMENT BY 1
    NO MINVALUE
    NO MAXVALUE
    CACHE 1
);


--
-- Name: person; Type: TABLE; Schema: ekc_eschweilerkanuclub; Owner: kcuser
--

CREATE TABLE ekc_eschweilerkanuclub.person (
    id bigint NOT NULL,
    name character varying(100) NOT NULL,
    vorname character varying(100) NOT NULL,
    geburtsdatum date,
    sex character(1) NOT NULL,
    email character varying(255),
    aktiv boolean DEFAULT true NOT NULL,
    strasse character varying(255),
    plz character varying(20),
    ort character varying(100),
    country_code character(2),
    telefon character varying(50),
    telefon_festnetz character varying(50),
    bank_name character varying(255),
    iban character varying(34),
    created_at timestamp without time zone NOT NULL,
    created_by character varying(255),
    last_modified_at timestamp without time zone,
    last_modified_by character varying(255),
    bic character varying(20),
    efz date,
    CONSTRAINT ck_person_sex CHECK ((sex = ANY (ARRAY['M'::bpchar, 'W'::bpchar, 'D'::bpchar])))
);


ALTER TABLE ekc_eschweilerkanuclub.person OWNER TO kcuser;

--
-- Name: person_id_seq; Type: SEQUENCE; Schema: ekc_eschweilerkanuclub; Owner: kcuser
--

ALTER TABLE ekc_eschweilerkanuclub.person ALTER COLUMN id ADD GENERATED BY DEFAULT AS IDENTITY (
    SEQUENCE NAME ekc_eschweilerkanuclub.person_id_seq
    START WITH 1
    INCREMENT BY 1
    NO MINVALUE
    NO MAXVALUE
    CACHE 1
);


--
-- Name: planung; Type: TABLE; Schema: ekc_eschweilerkanuclub; Owner: kcuser
--

CREATE TABLE ekc_eschweilerkanuclub.planung (
    id bigint NOT NULL,
    veranstaltung_id bigint NOT NULL,
    eingereicht boolean DEFAULT false NOT NULL
);


ALTER TABLE ekc_eschweilerkanuclub.planung OWNER TO kcuser;

--
-- Name: planung_id_seq; Type: SEQUENCE; Schema: ekc_eschweilerkanuclub; Owner: kcuser
--

ALTER TABLE ekc_eschweilerkanuclub.planung ALTER COLUMN id ADD GENERATED BY DEFAULT AS IDENTITY (
    SEQUENCE NAME ekc_eschweilerkanuclub.planung_id_seq
    START WITH 1
    INCREMENT BY 1
    NO MINVALUE
    NO MAXVALUE
    CACHE 1
);


--
-- Name: planung_position; Type: TABLE; Schema: ekc_eschweilerkanuclub; Owner: kcuser
--

CREATE TABLE ekc_eschweilerkanuclub.planung_position (
    id bigint NOT NULL,
    planung_id bigint NOT NULL,
    kategorie character varying(40) NOT NULL,
    betrag numeric(12,2) NOT NULL,
    kommentar character varying(500)
);


ALTER TABLE ekc_eschweilerkanuclub.planung_position OWNER TO kcuser;

--
-- Name: planung_position_id_seq; Type: SEQUENCE; Schema: ekc_eschweilerkanuclub; Owner: kcuser
--

ALTER TABLE ekc_eschweilerkanuclub.planung_position ALTER COLUMN id ADD GENERATED BY DEFAULT AS IDENTITY (
    SEQUENCE NAME ekc_eschweilerkanuclub.planung_position_id_seq
    START WITH 1
    INCREMENT BY 1
    NO MINVALUE
    NO MAXVALUE
    CACHE 1
);


--
-- Name: teilnehmer; Type: TABLE; Schema: ekc_eschweilerkanuclub; Owner: kcuser
--

CREATE TABLE ekc_eschweilerkanuclub.teilnehmer (
    id bigint NOT NULL,
    veranstaltung_id bigint NOT NULL,
    person_id bigint NOT NULL,
    rolle character(1),
    created_at timestamp without time zone NOT NULL,
    created_by character varying(255),
    last_modified_at timestamp without time zone,
    last_modified_by character varying(255),
    individueller_beitrag numeric(10,2),
    finanz_gruppe_id bigint,
    bezahlt boolean DEFAULT false,
    bezahlt_am date
);


ALTER TABLE ekc_eschweilerkanuclub.teilnehmer OWNER TO kcuser;

--
-- Name: teilnehmer_id_seq; Type: SEQUENCE; Schema: ekc_eschweilerkanuclub; Owner: kcuser
--

ALTER TABLE ekc_eschweilerkanuclub.teilnehmer ALTER COLUMN id ADD GENERATED BY DEFAULT AS IDENTITY (
    SEQUENCE NAME ekc_eschweilerkanuclub.teilnehmer_id_seq
    START WITH 1
    INCREMENT BY 1
    NO MINVALUE
    NO MAXVALUE
    CACHE 1
);


--
-- Name: veranstaltung; Type: TABLE; Schema: ekc_eschweilerkanuclub; Owner: kcuser
--

CREATE TABLE ekc_eschweilerkanuclub.veranstaltung (
    id bigint NOT NULL,
    name character varying(200) NOT NULL,
    typ character(3) NOT NULL,
    art_der_unterkunft character varying(200),
    art_der_verpflegung character varying(200),
    plz character varying(20),
    ort character varying(200),
    country_code character(2),
    beginn_datum date NOT NULL,
    beginn_zeit time without time zone NOT NULL,
    ende_datum date NOT NULL,
    ende_zeit time without time zone NOT NULL,
    verein_id bigint NOT NULL,
    leiter_id bigint NOT NULL,
    geplante_teilnehmer_maennlich integer,
    geplante_teilnehmer_weiblich integer,
    geplante_teilnehmer_divers integer,
    geplante_mitarbeiter_maennlich integer,
    geplante_mitarbeiter_weiblich integer,
    geplante_mitarbeiter_divers integer,
    aktiv boolean NOT NULL,
    created_at timestamp without time zone NOT NULL,
    created_by character varying(255),
    last_modified_at timestamp without time zone,
    last_modified_by character varying(255),
    individuelle_gebuehren boolean DEFAULT false NOT NULL,
    standard_gebuehr numeric(10,2),
    scope character varying(20)
);


ALTER TABLE ekc_eschweilerkanuclub.veranstaltung OWNER TO kcuser;

--
-- Name: COLUMN veranstaltung.individuelle_gebuehren; Type: COMMENT; Schema: ekc_eschweilerkanuclub; Owner: kcuser
--

COMMENT ON COLUMN ekc_eschweilerkanuclub.veranstaltung.individuelle_gebuehren IS 'false = eine Gebühr für alle';


--
-- Name: COLUMN veranstaltung.standard_gebuehr; Type: COMMENT; Schema: ekc_eschweilerkanuclub; Owner: kcuser
--

COMMENT ON COLUMN ekc_eschweilerkanuclub.veranstaltung.standard_gebuehr IS 'Standard Teilnehmergebühr';


--
-- Name: veranstaltung_id_seq; Type: SEQUENCE; Schema: ekc_eschweilerkanuclub; Owner: kcuser
--

ALTER TABLE ekc_eschweilerkanuclub.veranstaltung ALTER COLUMN id ADD GENERATED BY DEFAULT AS IDENTITY (
    SEQUENCE NAME ekc_eschweilerkanuclub.veranstaltung_id_seq
    START WITH 1
    INCREMENT BY 1
    NO MINVALUE
    NO MAXVALUE
    CACHE 1
);


--
-- Name: verein; Type: TABLE; Schema: ekc_eschweilerkanuclub; Owner: kcuser
--

CREATE TABLE ekc_eschweilerkanuclub.verein (
    id bigint NOT NULL,
    name character varying(100) NOT NULL,
    abk character varying(10) NOT NULL,
    strasse character varying(255),
    plz character varying(20),
    ort character varying(100),
    telefon character varying(50),
    bank_name character varying(255),
    iban character varying(34),
    kontoinhaber_id bigint,
    created_at timestamp without time zone NOT NULL,
    created_by character varying(100),
    last_modified_at timestamp without time zone,
    last_modified_by character varying(100),
    bic character varying(20),
    schutzkonzept date,
    kik_zertifiziert_seit date,
    kik_zertifiziert_bis date
);


ALTER TABLE ekc_eschweilerkanuclub.verein OWNER TO kcuser;

--
-- Name: verein_id_seq; Type: SEQUENCE; Schema: ekc_eschweilerkanuclub; Owner: kcuser
--

ALTER TABLE ekc_eschweilerkanuclub.verein ALTER COLUMN id ADD GENERATED BY DEFAULT AS IDENTITY (
    SEQUENCE NAME ekc_eschweilerkanuclub.verein_id_seq
    START WITH 1
    INCREMENT BY 1
    NO MINVALUE
    NO MAXVALUE
    CACHE 1
);


--
-- Data for Name: abrechnung; Type: TABLE DATA; Schema: ekc_eschweilerkanuclub; Owner: kcuser
--

COPY ekc_eschweilerkanuclub.abrechnung (id, veranstaltung_id, status, verwendeter_foerdersatz) FROM stdin;
1	1	OFFEN	\N
\.


--
-- Data for Name: abrechnung_beleg; Type: TABLE DATA; Schema: ekc_eschweilerkanuclub; Owner: kcuser
--

COPY ekc_eschweilerkanuclub.abrechnung_beleg (id, abrechnung_id, beleg_nummer, rechnungsnummer, datum, beschreibung, finanz_gruppe_id, lfd_nr) FROM stdin;
1	1	RZ_001	\N	2026-04-10	Camping	1	1
2	1	HI_002	\N	2026-04-02	Verpflegung	2	2
3	1	SG_003	\N	2026-03-30	Verpflegung	3	3
4	1	EKC_004	\N	2026-04-10	Fahrkosten	4	4
5	1	SG_005	\N	2026-04-09	Fahrkosten mit Hänger	3	5
6	1	EKC_006	\N	2026-03-30	Teilnehmer 	4	6
7	1	EKC_007	\N	2026-04-10		4	7
\.


--
-- Data for Name: abrechnung_buchung; Type: TABLE DATA; Schema: ekc_eschweilerkanuclub; Owner: kcuser
--

COPY ekc_eschweilerkanuclub.abrechnung_buchung (id, kategorie, betrag, datum, beschreibung, beleg_id) FROM stdin;
1	UNTERKUNFT	2700.00	2026-04-10		1
2	VERPFLEGUNG	4000.00	2026-04-02	SuperU	2
3	VERPFLEGUNG	1540.00	2026-03-30		3
4	FAHRTKOSTEN	3500.00	2026-04-10		4
5	FAHRTKOSTEN	1200.00	2026-04-09		5
6	TEILNEHMERBEITRAG	9000.00	2026-03-30		6
7	KJFP_ZUSCHUSS	3808.00	2026-04-10	KJFP Mittel	7
\.


--
-- Data for Name: erhebungsbogen; Type: TABLE DATA; Schema: ekc_eschweilerkanuclub; Owner: kcuser
--

COPY ekc_eschweilerkanuclub.erhebungsbogen (id, veranstaltung_id, abgeschlossen, stichtag, teilnehmer_maennlich_u6, teilnehmer_maennlich_6_13, teilnehmer_maennlich_14_17, teilnehmer_maennlich_18_plus, teilnehmer_weiblich_u6, teilnehmer_weiblich_6_13, teilnehmer_weiblich_14_17, teilnehmer_weiblich_18_plus, teilnehmer_divers_u6, teilnehmer_divers_6_13, teilnehmer_divers_14_17, teilnehmer_divers_18_plus, mitarbeiter_maennlich, mitarbeiter_weiblich, mitarbeiter_divers, bemerkung, created_at, created_by, last_modified_at, last_modified_by) FROM stdin;
\.


--
-- Data for Name: finanz_gruppe; Type: TABLE DATA; Schema: ekc_eschweilerkanuclub; Owner: kcuser
--

COPY ekc_eschweilerkanuclub.finanz_gruppe (id, kuerzel, veranstaltung_id) FROM stdin;
1	RZ	1
2	HI	1
3	SG	1
4	EKC	1
\.


--
-- Data for Name: foerdersatz; Type: TABLE DATA; Schema: ekc_eschweilerkanuclub; Owner: kcuser
--

COPY ekc_eschweilerkanuclub.foerdersatz (id, gueltig_von, gueltig_bis, foerdersatz, beschluss, typ) FROM stdin;
2	2026-01-01	2026-08-31	11.00	2025 VJA	FM
3	2026-01-01	2026-08-31	11.00	2025 VJA	JEM
\.


--
-- Data for Name: kik_zuschlag; Type: TABLE DATA; Schema: ekc_eschweilerkanuclub; Owner: kcuser
--

COPY ekc_eschweilerkanuclub.kik_zuschlag (id, gueltig_von, gueltig_bis, kik_zuschlag, beschluss) FROM stdin;
1	2026-01-01	2026-12-31	3.00	2025 VJA
\.


--
-- Data for Name: mitglied; Type: TABLE DATA; Schema: ekc_eschweilerkanuclub; Owner: kcuser
--

COPY ekc_eschweilerkanuclub.mitglied (id, person_id, verein_id, funktion, haupt_verein, created_at, created_by, last_modified_at, last_modified_by) FROM stdin;
1	1	1	\N	t	2026-04-27 15:41:01.535879	cschog	2026-04-27 15:41:01.535879	cschog
2	2	1	\N	t	2026-04-27 15:41:01.55009	cschog	2026-04-27 15:41:01.55009	cschog
3	3	1	\N	t	2026-04-27 15:41:01.565308	cschog	2026-04-27 15:41:01.565308	cschog
4	4	1	\N	t	2026-04-27 15:41:01.587633	cschog	2026-04-27 15:41:01.587633	cschog
5	5	1	\N	t	2026-04-27 15:41:01.623828	cschog	2026-04-27 15:41:01.623828	cschog
6	6	1	\N	t	2026-04-27 15:41:01.645176	cschog	2026-04-27 15:41:01.645176	cschog
7	7	1	\N	t	2026-04-27 15:41:01.658856	cschog	2026-04-27 15:41:01.658856	cschog
8	8	1	\N	t	2026-04-27 15:41:01.673766	cschog	2026-04-27 15:41:01.673766	cschog
9	9	1	\N	t	2026-04-27 15:41:01.690346	cschog	2026-04-27 15:41:01.690346	cschog
10	10	1	\N	t	2026-04-27 15:41:01.706209	cschog	2026-04-27 15:41:01.706209	cschog
11	11	1	\N	t	2026-04-27 15:41:01.732034	cschog	2026-04-27 15:41:01.732034	cschog
12	12	1	\N	t	2026-04-27 15:41:01.748466	cschog	2026-04-27 15:41:01.748466	cschog
13	13	1	\N	t	2026-04-27 15:41:01.764105	cschog	2026-04-27 15:41:01.764105	cschog
14	14	1	\N	t	2026-04-27 15:41:01.773145	cschog	2026-04-27 15:41:01.773145	cschog
15	15	1	\N	t	2026-04-27 15:41:01.781831	cschog	2026-04-27 15:41:01.781831	cschog
16	16	1	\N	t	2026-04-27 15:41:01.806254	cschog	2026-04-27 15:41:01.806254	cschog
17	17	1	\N	t	2026-04-27 15:41:01.81591	cschog	2026-04-27 15:41:01.81591	cschog
18	18	1	\N	t	2026-04-27 15:41:01.836176	cschog	2026-04-27 15:41:01.836176	cschog
19	19	1	\N	t	2026-04-27 15:41:01.847114	cschog	2026-04-27 15:41:01.847114	cschog
20	20	1	\N	t	2026-04-27 15:41:01.856054	cschog	2026-04-27 15:41:01.856054	cschog
21	21	1	\N	t	2026-04-27 15:41:01.865338	cschog	2026-04-27 15:41:01.865338	cschog
22	22	1	\N	t	2026-04-27 15:41:01.87367	cschog	2026-04-27 15:41:01.87367	cschog
23	23	1	\N	t	2026-04-27 15:41:01.881777	cschog	2026-04-27 15:41:01.881777	cschog
24	24	1	\N	t	2026-04-27 15:41:01.891875	cschog	2026-04-27 15:41:01.891875	cschog
25	25	1	\N	t	2026-04-27 15:41:01.900438	cschog	2026-04-27 15:41:01.900438	cschog
26	26	1	\N	t	2026-04-27 15:41:01.908505	cschog	2026-04-27 15:41:01.908505	cschog
27	27	1	\N	t	2026-04-27 15:41:01.919018	cschog	2026-04-27 15:41:01.919018	cschog
28	28	1	\N	t	2026-04-27 15:41:01.928811	cschog	2026-04-27 15:41:01.928811	cschog
29	29	1	\N	t	2026-04-27 15:41:01.939534	cschog	2026-04-27 15:41:01.939534	cschog
30	30	1	\N	t	2026-04-27 15:41:01.948383	cschog	2026-04-27 15:41:01.948383	cschog
31	31	1	\N	t	2026-04-27 15:41:01.957386	cschog	2026-04-27 15:41:01.957386	cschog
32	32	1	\N	t	2026-04-27 15:41:01.967707	cschog	2026-04-27 15:41:01.967707	cschog
33	33	1	\N	t	2026-04-27 15:41:01.97728	cschog	2026-04-27 15:41:01.97728	cschog
34	34	1	\N	t	2026-04-27 15:41:01.987277	cschog	2026-04-27 15:41:01.987277	cschog
36	36	1	\N	t	2026-04-27 15:41:02.002641	cschog	2026-04-27 15:41:02.002641	cschog
37	37	1	\N	t	2026-04-27 15:41:02.010718	cschog	2026-04-27 15:41:02.010718	cschog
38	38	1	\N	t	2026-04-27 15:41:02.021304	cschog	2026-04-27 15:41:02.021304	cschog
39	39	1	\N	t	2026-04-27 15:41:02.028814	cschog	2026-04-27 15:41:02.028814	cschog
40	40	1	\N	t	2026-04-27 15:41:02.036838	cschog	2026-04-27 15:41:02.036838	cschog
41	41	1	\N	t	2026-04-27 15:41:02.045224	cschog	2026-04-27 15:41:02.045224	cschog
42	42	1	\N	t	2026-04-27 15:41:02.053961	cschog	2026-04-27 15:41:02.053961	cschog
43	43	1	\N	t	2026-04-27 15:41:02.062335	cschog	2026-04-27 15:41:02.062335	cschog
44	44	1	\N	t	2026-04-27 15:41:02.072681	cschog	2026-04-27 15:41:02.072681	cschog
45	45	1	\N	t	2026-04-27 15:41:02.079716	cschog	2026-04-27 15:41:02.079716	cschog
46	46	1	\N	t	2026-04-27 15:41:02.086254	cschog	2026-04-27 15:41:02.086254	cschog
47	47	1	\N	t	2026-04-27 15:41:02.093023	cschog	2026-04-27 15:41:02.093023	cschog
48	48	1	\N	t	2026-04-27 15:41:02.101068	cschog	2026-04-27 15:41:02.101068	cschog
49	49	1	\N	t	2026-04-27 15:41:02.118776	cschog	2026-04-27 15:41:02.118776	cschog
50	50	1	\N	t	2026-04-27 15:41:02.126058	cschog	2026-04-27 15:41:02.126058	cschog
51	51	1	\N	t	2026-04-27 15:41:02.135645	cschog	2026-04-27 15:41:02.135645	cschog
52	52	1	\N	t	2026-04-27 15:41:02.144606	cschog	2026-04-27 15:41:02.144606	cschog
53	53	1	\N	t	2026-04-27 15:41:02.153754	cschog	2026-04-27 15:41:02.153754	cschog
54	54	1	\N	t	2026-04-27 15:41:02.162139	cschog	2026-04-27 15:41:02.162139	cschog
55	55	1	\N	t	2026-04-27 15:41:02.175191	cschog	2026-04-27 15:41:02.175191	cschog
56	56	1	\N	t	2026-04-27 15:41:02.18261	cschog	2026-04-27 15:41:02.18261	cschog
57	57	1	\N	t	2026-04-27 15:41:02.199241	cschog	2026-04-27 15:41:02.199241	cschog
58	58	1	\N	t	2026-04-27 15:41:02.208904	cschog	2026-04-27 15:41:02.208904	cschog
59	59	1	\N	t	2026-04-27 15:41:02.217207	cschog	2026-04-27 15:41:02.217207	cschog
60	60	1	\N	t	2026-04-27 15:41:02.224777	cschog	2026-04-27 15:41:02.224777	cschog
61	61	1	\N	t	2026-04-27 15:41:02.234273	cschog	2026-04-27 15:41:02.234273	cschog
62	62	1	\N	t	2026-04-27 15:41:02.244246	cschog	2026-04-27 15:41:02.244246	cschog
63	63	1	\N	t	2026-04-27 15:41:02.255675	cschog	2026-04-27 15:41:02.255675	cschog
64	64	1	\N	t	2026-04-27 15:41:02.270663	cschog	2026-04-27 15:41:02.270663	cschog
65	65	1	\N	t	2026-04-27 15:41:02.284814	cschog	2026-04-27 15:41:02.284814	cschog
66	66	1	\N	t	2026-04-27 15:41:02.299335	cschog	2026-04-27 15:41:02.299335	cschog
67	67	1	\N	t	2026-04-27 15:41:02.307344	cschog	2026-04-27 15:41:02.307344	cschog
68	68	1	\N	t	2026-04-27 15:41:02.316319	cschog	2026-04-27 15:41:02.316319	cschog
69	69	1	\N	t	2026-04-27 15:41:02.324336	cschog	2026-04-27 15:41:02.324336	cschog
70	70	1	\N	t	2026-04-27 15:41:02.332859	cschog	2026-04-27 15:41:02.332859	cschog
71	71	1	\N	t	2026-04-27 15:41:02.342364	cschog	2026-04-27 15:41:02.342364	cschog
72	72	1	\N	t	2026-04-27 15:41:02.353309	cschog	2026-04-27 15:41:02.353309	cschog
73	73	1	\N	t	2026-04-27 15:41:02.365482	cschog	2026-04-27 15:41:02.365482	cschog
74	74	1	\N	t	2026-04-27 15:41:02.374665	cschog	2026-04-27 15:41:02.374665	cschog
75	75	1	\N	t	2026-04-27 15:41:02.38392	cschog	2026-04-27 15:41:02.38392	cschog
76	76	1	\N	t	2026-04-27 15:41:02.393444	cschog	2026-04-27 15:41:02.393444	cschog
77	77	1	\N	t	2026-04-27 15:41:02.401567	cschog	2026-04-27 15:41:02.401567	cschog
78	78	1	\N	t	2026-04-27 15:41:02.409664	cschog	2026-04-27 15:41:02.409664	cschog
79	79	1	\N	t	2026-04-27 15:41:02.418618	cschog	2026-04-27 15:41:02.418618	cschog
80	80	1	\N	t	2026-04-27 15:41:02.428832	cschog	2026-04-27 15:41:02.428832	cschog
81	81	1	\N	t	2026-04-27 15:41:02.437043	cschog	2026-04-27 15:41:02.437043	cschog
82	82	1	\N	t	2026-04-27 15:41:02.445303	cschog	2026-04-27 15:41:02.445303	cschog
83	83	1	\N	t	2026-04-27 15:41:02.454881	cschog	2026-04-27 15:41:02.454881	cschog
84	84	1	\N	t	2026-04-27 15:41:02.462945	cschog	2026-04-27 15:41:02.462945	cschog
85	85	1	\N	t	2026-04-27 15:41:02.471725	cschog	2026-04-27 15:41:02.471725	cschog
86	86	1	\N	t	2026-04-27 15:41:02.479872	cschog	2026-04-27 15:41:02.479872	cschog
87	87	1	\N	t	2026-04-27 15:41:02.490018	cschog	2026-04-27 15:41:02.490018	cschog
88	88	1	\N	t	2026-04-27 15:41:02.499428	cschog	2026-04-27 15:41:02.499428	cschog
89	89	1	\N	t	2026-04-27 15:41:02.511694	cschog	2026-04-27 15:41:02.511694	cschog
90	90	1	\N	t	2026-04-27 15:41:02.522114	cschog	2026-04-27 15:41:02.522114	cschog
91	91	1	\N	t	2026-04-27 15:41:02.5361	cschog	2026-04-27 15:41:02.5361	cschog
92	92	1	\N	t	2026-04-27 15:41:02.542174	cschog	2026-04-27 15:41:02.542174	cschog
93	93	1	\N	t	2026-04-27 15:41:02.54882	cschog	2026-04-27 15:41:02.54882	cschog
94	94	1	\N	t	2026-04-27 15:41:02.556575	cschog	2026-04-27 15:41:02.556575	cschog
95	95	1	\N	t	2026-04-27 15:41:02.564135	cschog	2026-04-27 15:41:02.564135	cschog
96	96	1	\N	t	2026-04-27 15:41:02.579073	cschog	2026-04-27 15:41:02.579073	cschog
97	97	1	\N	t	2026-04-27 15:41:02.585528	cschog	2026-04-27 15:41:02.585528	cschog
98	98	1	\N	t	2026-04-27 15:41:02.591362	cschog	2026-04-27 15:41:02.591362	cschog
99	99	1	\N	t	2026-04-27 15:41:02.598578	cschog	2026-04-27 15:41:02.598578	cschog
100	100	1	\N	t	2026-04-27 15:41:02.606323	cschog	2026-04-27 15:41:02.606323	cschog
101	101	1	\N	t	2026-04-27 15:41:02.626713	cschog	2026-04-27 15:41:02.626713	cschog
102	102	1	\N	t	2026-04-27 15:41:02.63958	cschog	2026-04-27 15:41:02.63958	cschog
103	103	1	\N	t	2026-04-27 15:41:02.659732	cschog	2026-04-27 15:41:02.659732	cschog
104	104	1	\N	t	2026-04-27 15:41:02.675435	cschog	2026-04-27 15:41:02.675435	cschog
105	105	1	\N	t	2026-04-27 15:41:02.697111	cschog	2026-04-27 15:41:02.697111	cschog
106	106	1	\N	t	2026-04-27 15:41:02.716592	cschog	2026-04-27 15:41:02.716592	cschog
107	107	1	\N	t	2026-04-27 15:41:02.736953	cschog	2026-04-27 15:41:02.736953	cschog
108	108	1	\N	t	2026-04-27 15:41:02.760762	cschog	2026-04-27 15:41:02.760762	cschog
109	109	1	\N	t	2026-04-27 15:41:02.784742	cschog	2026-04-27 15:41:02.784742	cschog
110	110	1	\N	t	2026-04-27 15:41:02.8084	cschog	2026-04-27 15:41:02.8084	cschog
111	111	1	\N	t	2026-04-27 15:41:02.831659	cschog	2026-04-27 15:41:02.831659	cschog
112	112	1	\N	t	2026-04-27 15:41:02.868051	cschog	2026-04-27 15:41:02.868051	cschog
113	113	1	\N	t	2026-04-27 15:41:02.891209	cschog	2026-04-27 15:41:02.891209	cschog
114	114	1	\N	t	2026-04-27 15:41:02.907566	cschog	2026-04-27 15:41:02.907566	cschog
115	115	1	\N	t	2026-04-27 15:41:02.914636	cschog	2026-04-27 15:41:02.914636	cschog
116	116	1	\N	t	2026-04-27 15:41:02.923802	cschog	2026-04-27 15:41:02.923802	cschog
117	117	1	\N	t	2026-04-27 15:41:02.940111	cschog	2026-04-27 15:41:02.940111	cschog
118	118	1	\N	t	2026-04-27 15:41:02.960389	cschog	2026-04-27 15:41:02.960389	cschog
119	119	1	\N	t	2026-04-27 15:41:02.975802	cschog	2026-04-27 15:41:02.975802	cschog
120	120	1	\N	t	2026-04-27 15:41:02.998496	cschog	2026-04-27 15:41:02.998496	cschog
121	121	1	\N	t	2026-04-27 15:41:03.026047	cschog	2026-04-27 15:41:03.026047	cschog
122	122	1	\N	t	2026-04-27 15:41:03.050078	cschog	2026-04-27 15:41:03.050078	cschog
123	123	1	\N	t	2026-04-27 15:41:03.065775	cschog	2026-04-27 15:41:03.065775	cschog
124	124	1	\N	t	2026-04-27 15:41:03.074008	cschog	2026-04-27 15:41:03.074008	cschog
125	125	1	\N	t	2026-04-27 15:41:03.086885	cschog	2026-04-27 15:41:03.086885	cschog
126	126	1	\N	t	2026-04-27 15:41:03.099202	cschog	2026-04-27 15:41:03.099202	cschog
127	127	1	\N	t	2026-04-27 15:41:03.121997	cschog	2026-04-27 15:41:03.121997	cschog
128	128	1	\N	t	2026-04-27 15:41:03.146376	cschog	2026-04-27 15:41:03.146376	cschog
129	129	1	\N	t	2026-04-27 15:41:03.156147	cschog	2026-04-27 15:41:03.156147	cschog
130	130	1	\N	t	2026-04-27 15:41:03.161728	cschog	2026-04-27 15:41:03.161728	cschog
131	131	1	\N	t	2026-04-27 15:41:03.173754	cschog	2026-04-27 15:41:03.173754	cschog
132	132	1	\N	t	2026-04-27 15:41:03.180283	cschog	2026-04-27 15:41:03.180283	cschog
133	133	1	\N	t	2026-04-27 15:41:03.196515	cschog	2026-04-27 15:41:03.196515	cschog
134	134	1	\N	t	2026-04-27 15:41:03.204371	cschog	2026-04-27 15:41:03.204371	cschog
135	135	1	\N	t	2026-04-27 15:41:03.210213	cschog	2026-04-27 15:41:03.210213	cschog
136	136	1	\N	t	2026-04-27 15:41:03.215669	cschog	2026-04-27 15:41:03.215669	cschog
137	137	1	\N	t	2026-04-27 15:41:03.221086	cschog	2026-04-27 15:41:03.221086	cschog
138	138	1	\N	t	2026-04-27 15:41:03.225939	cschog	2026-04-27 15:41:03.225939	cschog
139	139	1	\N	t	2026-04-27 15:41:03.231039	cschog	2026-04-27 15:41:03.231039	cschog
140	140	1	\N	t	2026-04-27 15:41:03.236276	cschog	2026-04-27 15:41:03.236276	cschog
141	141	1	\N	t	2026-04-27 15:41:03.241305	cschog	2026-04-27 15:41:03.241305	cschog
142	142	1	\N	t	2026-04-27 15:41:03.247512	cschog	2026-04-27 15:41:03.247512	cschog
143	143	1	\N	t	2026-04-27 15:41:03.255059	cschog	2026-04-27 15:41:03.255059	cschog
144	144	1	\N	t	2026-04-27 15:41:03.265474	cschog	2026-04-27 15:41:03.265474	cschog
145	145	1	\N	t	2026-04-27 15:41:03.271302	cschog	2026-04-27 15:41:03.271302	cschog
146	146	1	\N	t	2026-04-27 15:41:03.276125	cschog	2026-04-27 15:41:03.276125	cschog
147	147	1	\N	t	2026-04-27 15:41:03.283229	cschog	2026-04-27 15:41:03.283229	cschog
148	148	1	\N	t	2026-04-27 15:41:03.28882	cschog	2026-04-27 15:41:03.28882	cschog
149	149	1	\N	t	2026-04-27 15:41:03.296197	cschog	2026-04-27 15:41:03.296197	cschog
150	150	1	\N	t	2026-04-27 15:41:03.302067	cschog	2026-04-27 15:41:03.302067	cschog
151	151	1	\N	t	2026-04-27 15:41:03.306871	cschog	2026-04-27 15:41:03.306871	cschog
152	152	1	\N	t	2026-04-27 15:41:03.312177	cschog	2026-04-27 15:41:03.312177	cschog
153	153	1	\N	t	2026-04-27 15:41:03.31726	cschog	2026-04-27 15:41:03.31726	cschog
154	154	1	\N	t	2026-04-27 15:41:03.324001	cschog	2026-04-27 15:41:03.324001	cschog
155	155	1	\N	t	2026-04-27 15:41:03.328247	cschog	2026-04-27 15:41:03.328247	cschog
156	156	1	\N	t	2026-04-27 15:41:03.33271	cschog	2026-04-27 15:41:03.33271	cschog
157	157	1	\N	t	2026-04-27 15:41:03.336825	cschog	2026-04-27 15:41:03.336825	cschog
158	158	1	\N	t	2026-04-27 15:41:03.340993	cschog	2026-04-27 15:41:03.340993	cschog
159	159	1	\N	t	2026-04-27 15:41:03.3473	cschog	2026-04-27 15:41:03.3473	cschog
160	160	1	\N	t	2026-04-27 15:41:03.352445	cschog	2026-04-27 15:41:03.352445	cschog
161	161	1	\N	t	2026-04-27 15:41:03.357559	cschog	2026-04-27 15:41:03.357559	cschog
162	162	1	\N	t	2026-04-27 15:41:03.363311	cschog	2026-04-27 15:41:03.363311	cschog
163	163	1	\N	t	2026-04-27 15:41:03.368355	cschog	2026-04-27 15:41:03.368355	cschog
164	164	1	\N	t	2026-04-27 15:41:03.373613	cschog	2026-04-27 15:41:03.373613	cschog
165	165	1	\N	t	2026-04-27 15:41:03.389069	cschog	2026-04-27 15:41:03.389069	cschog
166	166	1	\N	t	2026-04-27 15:41:03.395217	cschog	2026-04-27 15:41:03.395217	cschog
167	167	1	\N	t	2026-04-27 15:41:03.400806	cschog	2026-04-27 15:41:03.400806	cschog
168	168	1	\N	t	2026-04-27 15:41:03.408984	cschog	2026-04-27 15:41:03.408984	cschog
169	169	1	\N	t	2026-04-27 15:41:03.415654	cschog	2026-04-27 15:41:03.415654	cschog
170	170	1	\N	t	2026-04-27 15:41:03.423791	cschog	2026-04-27 15:41:03.423791	cschog
171	171	1	\N	t	2026-04-27 15:41:03.438158	cschog	2026-04-27 15:41:03.438158	cschog
172	172	1	\N	t	2026-04-27 15:41:03.444019	cschog	2026-04-27 15:41:03.444019	cschog
173	173	1	\N	t	2026-04-27 15:41:03.453021	cschog	2026-04-27 15:41:03.453021	cschog
174	174	1	\N	t	2026-04-27 15:41:03.457665	cschog	2026-04-27 15:41:03.457665	cschog
175	175	1	\N	t	2026-04-27 15:41:03.463425	cschog	2026-04-27 15:41:03.463425	cschog
176	176	1	\N	t	2026-04-27 15:41:03.468611	cschog	2026-04-27 15:41:03.468611	cschog
177	177	1	\N	t	2026-04-27 15:41:03.474122	cschog	2026-04-27 15:41:03.474122	cschog
178	178	1	\N	t	2026-04-27 15:41:03.479992	cschog	2026-04-27 15:41:03.479992	cschog
179	179	1	\N	t	2026-04-27 15:41:03.485129	cschog	2026-04-27 15:41:03.485129	cschog
180	180	1	\N	t	2026-04-27 15:41:03.490302	cschog	2026-04-27 15:41:03.490302	cschog
181	181	1	\N	t	2026-04-27 15:41:03.49619	cschog	2026-04-27 15:41:03.49619	cschog
183	183	1	\N	t	2026-04-27 15:41:03.507958	cschog	2026-04-27 15:41:03.507958	cschog
184	184	1	\N	t	2026-04-27 15:41:03.516661	cschog	2026-04-27 15:41:03.516661	cschog
185	185	1	\N	t	2026-04-27 15:41:03.524057	cschog	2026-04-27 15:41:03.524057	cschog
186	186	1	\N	t	2026-04-27 15:41:03.530273	cschog	2026-04-27 15:41:03.530273	cschog
187	187	1	\N	t	2026-04-27 15:41:03.538234	cschog	2026-04-27 15:41:03.538234	cschog
188	188	1	\N	t	2026-04-27 15:41:03.545418	cschog	2026-04-27 15:41:03.545418	cschog
189	189	1	\N	t	2026-04-27 15:41:03.55563	cschog	2026-04-27 15:41:03.55563	cschog
190	190	1	\N	t	2026-04-27 15:41:03.56056	cschog	2026-04-27 15:41:03.56056	cschog
191	191	1	\N	t	2026-04-27 15:41:03.566469	cschog	2026-04-27 15:41:03.566469	cschog
192	192	1	\N	t	2026-04-27 15:41:03.582906	cschog	2026-04-27 15:41:03.582906	cschog
193	193	1	\N	t	2026-04-27 15:41:03.59003	cschog	2026-04-27 15:41:03.59003	cschog
194	194	1	\N	t	2026-04-27 15:41:03.595707	cschog	2026-04-27 15:41:03.595707	cschog
195	195	1	\N	t	2026-04-27 15:41:03.600694	cschog	2026-04-27 15:41:03.600694	cschog
196	196	1	\N	t	2026-04-27 15:41:03.606839	cschog	2026-04-27 15:41:03.606839	cschog
200	200	1	\N	t	2026-04-27 15:41:03.665243	cschog	2026-04-27 15:41:03.665243	cschog
201	201	1	\N	t	2026-04-27 15:41:03.674938	cschog	2026-04-27 15:41:03.674938	cschog
202	202	1	\N	t	2026-04-27 15:41:03.685531	cschog	2026-04-27 15:41:03.685531	cschog
203	203	1	\N	t	2026-04-27 15:41:03.699245	cschog	2026-04-27 15:41:03.699245	cschog
204	204	1	\N	t	2026-04-27 15:41:03.710057	cschog	2026-04-27 15:41:03.710057	cschog
205	205	1	\N	t	2026-04-27 15:41:03.71562	cschog	2026-04-27 15:41:03.71562	cschog
206	206	1	\N	t	2026-04-27 15:41:03.726861	cschog	2026-04-27 15:41:03.726861	cschog
207	207	1	\N	t	2026-04-27 15:41:03.735884	cschog	2026-04-27 15:41:03.735884	cschog
208	208	1	\N	t	2026-04-27 15:41:03.748105	cschog	2026-04-27 15:41:03.748105	cschog
209	209	1	\N	t	2026-04-27 15:41:03.759462	cschog	2026-04-27 15:41:03.759462	cschog
210	210	1	\N	t	2026-04-27 15:41:03.772039	cschog	2026-04-27 15:41:03.772039	cschog
211	211	1	\N	t	2026-04-27 15:41:03.778954	cschog	2026-04-27 15:41:03.778954	cschog
212	212	1	\N	t	2026-04-27 15:41:03.78895	cschog	2026-04-27 15:41:03.78895	cschog
213	213	1	\N	t	2026-04-27 15:41:03.797427	cschog	2026-04-27 15:41:03.797427	cschog
214	214	1	\N	t	2026-04-27 15:41:03.807842	cschog	2026-04-27 15:41:03.807842	cschog
215	215	1	\N	t	2026-04-27 15:41:03.817515	cschog	2026-04-27 15:41:03.817515	cschog
216	216	1	\N	t	2026-04-27 15:41:03.836237	cschog	2026-04-27 15:41:03.836237	cschog
217	217	1	\N	t	2026-04-27 15:41:03.850501	cschog	2026-04-27 15:41:03.850501	cschog
218	218	1	\N	t	2026-04-27 15:41:03.869128	cschog	2026-04-27 15:41:03.869128	cschog
219	219	1	\N	t	2026-04-27 15:41:03.88664	cschog	2026-04-27 15:41:03.88664	cschog
220	220	1	\N	t	2026-04-27 15:41:03.917115	cschog	2026-04-27 15:41:03.917115	cschog
221	221	1	\N	t	2026-04-27 15:41:03.9346	cschog	2026-04-27 15:41:03.9346	cschog
222	222	1	\N	t	2026-04-27 15:41:03.948103	cschog	2026-04-27 15:41:03.948103	cschog
223	223	1	\N	t	2026-04-27 15:41:03.975712	cschog	2026-04-27 15:41:03.975712	cschog
224	224	1	\N	t	2026-04-27 15:41:04.002545	cschog	2026-04-27 15:41:04.002545	cschog
225	225	1	\N	t	2026-04-27 15:41:04.027006	cschog	2026-04-27 15:41:04.027006	cschog
226	226	1	\N	t	2026-04-27 15:41:04.042474	cschog	2026-04-27 15:41:04.042474	cschog
227	227	1	\N	t	2026-04-27 15:41:04.058452	cschog	2026-04-27 15:41:04.058452	cschog
228	228	1	\N	t	2026-04-27 15:41:04.089007	cschog	2026-04-27 15:41:04.089007	cschog
229	229	1	\N	t	2026-04-27 15:41:04.106828	cschog	2026-04-27 15:41:04.106828	cschog
230	230	1	\N	t	2026-04-27 15:41:04.118472	cschog	2026-04-27 15:41:04.118472	cschog
233	35	2	\N	t	2026-04-27 15:50:07.137707	cschog	2026-04-27 15:50:07.137707	cschog
237	198	2	\N	t	2026-04-27 16:17:42.222329	cschog	2026-04-27 16:17:42.222329	cschog
239	199	2	\N	t	2026-04-27 16:18:37.617692	cschog	2026-04-27 16:18:37.617692	cschog
240	197	2	\N	t	2026-04-27 16:18:59.008769	cschog	2026-04-27 16:18:59.008769	cschog
246	182	1	\N	t	2026-04-27 16:27:37.07241	cschog	2026-04-27 16:27:37.07241	cschog
\.


--
-- Data for Name: person; Type: TABLE DATA; Schema: ekc_eschweilerkanuclub; Owner: kcuser
--

COPY ekc_eschweilerkanuclub.person (id, name, vorname, geburtsdatum, sex, email, aktiv, strasse, plz, ort, country_code, telefon, telefon_festnetz, bank_name, iban, created_at, created_by, last_modified_at, last_modified_by, bic, efz) FROM stdin;
1	Addicks	Günther	1947-03-28	M	guenther.addicks@online.de	t	Lessingstr. 1	52249	Eschweiler	DE	\N	02403 31229	\N	DE16391629806104283010	2026-04-27 15:41:01.514641	cschog	2026-04-27 15:41:01.514641	cschog	GENODED1WUR	\N
2	Ahrend	Aino	1966-12-10	M	aino.ahrend@ekc-home.de	t	Branderhofer Weg 50	52066	Aachen	DE	0179 5005270	0241 875572	\N	DE91390500000047287610	2026-04-27 15:41:01.542163	cschog	2026-04-27 15:41:01.542163	cschog	AACSDE33XXX	2019-11-22
3	Almstedt	Britta	1967-09-23	W	britta.almstedt@web.de	t	Rütscherstr. 104	52072	Aachen	DE	0162 2434521	0241 77967	\N	DE21390500000047974175	2026-04-27 15:41:01.554341	cschog	2026-04-27 15:41:01.554341	cschog	AACSDE33XXX	\N
4	Almstedt	Volker	1958-04-12	M	volker.almstedt@ekc-home.de	t	Rütscherstr. 104	52072	Aachen	DE	0162 2434520	0241 77967	\N	DE21390500000047974175	2026-04-27 15:41:01.572891	cschog	2026-04-27 15:41:01.572891	cschog	AACSDE33XXX	\N
5	Alonso	Daniel	1991-06-07	M	\N	t	Viktoriastr. 83a	52066	Aachen	DE	\N	\N	\N	\N	2026-04-27 15:41:01.597222	cschog	2026-04-27 15:41:01.597222	cschog	\N	\N
6	Arens	Jonas	1994-08-04	M	jonas.arens@web.de	t	Auf´m Kraner 20	52134	Herzogenrath	DE	\N	02407 800763	\N	\N	2026-04-27 15:41:01.636605	cschog	2026-04-27 15:41:01.636605	cschog	\N	\N
7	Arens	Klaudia	1963-04-13	W	klaudia.arens@web.de	t	Auf´m Kraner 20	52134	Herzogenrath	DE	0151 17065767	02407 800763	\N	\N	2026-04-27 15:41:01.648522	cschog	2026-04-27 15:41:01.648522	cschog	\N	\N
8	Arens	Simon	1998-12-07	M	simon.arens@web.de	t	Auf´m Kraner 20	52134	Herzogenrath	DE	\N	02407 800763	\N	\N	2026-04-27 15:41:01.664257	cschog	2026-04-27 15:41:01.664257	cschog	\N	\N
9	Auen	Julius	1993-08-26	M	julius@auen-muenster.de	t	Danziger Str. 9	53359	Rheinbach	DE	?0151 41464021?	\N	\N	DE77500105175456191191	2026-04-27 15:41:01.680651	cschog	2026-04-27 15:41:01.680651	cschog	INGDDEFF	2024-02-23
10	Auen	Luzie	1997-05-11	W	luzie-buerschi@gmx.de	t	Danziger Str. 9	53359	Rheinbach	DE	0157 34510711	\N	\N	\N	2026-04-27 15:41:01.698021	cschog	2026-04-27 15:41:01.698021	cschog	\N	2024-11-11
11	Baklarz	Ben	2006-10-07	M	ben.baklarz@ekc-home.de	t	Grünstr. 15	52459	Inden	DE	\N	\N	\N	\N	2026-04-27 15:41:01.714255	cschog	2026-04-27 15:41:01.714255	cschog	\N	\N
12	Baklarz	Kim	1997-10-06	W	kimbaklarz@gmx.de	t	Cäcilienstr. 23	52477	Alsdorf	DE	0157 51142355	\N	\N	DE22390500001073580571	2026-04-27 15:41:01.737209	cschog	2026-04-27 15:41:01.737209	cschog	AACSDE33XXX	\N
13	Baklarz	Maximiliane	2015-07-16	W	\N	t	Cäcilienstr. 23	52477	Alsdorf	DE	\N	\N	\N	\N	2026-04-27 15:41:01.757732	cschog	2026-04-27 15:41:01.757732	cschog	\N	\N
14	Baklarz	Mia-Sophie	2016-06-26	W	\N	t	Cäcilienstr. 23	52477	Alsdorf	DE	\N	\N	\N	\N	2026-04-27 15:41:01.767017	cschog	2026-04-27 15:41:01.767017	cschog	\N	\N
15	Baklarz	Tino	1976-09-21	M	tinobaklarz@unitybox.de	t	Grünstr. 15	52459	Inden	DE	0163 1447102	\N	\N	DE49390500000048065627	2026-04-27 15:41:01.775996	cschog	2026-04-27 15:41:01.775996	cschog	AACSDE33XXX	2023-03-01
16	Barion	Christoph	1985-11-09	M	christoph.barion@me.com	t	Siepenbuschstr. 1	52531	Übach-Palenberg	DE	0176 22387843	02451 4821656	\N	DE23500105175411577789	2026-04-27 15:41:01.798788	cschog	2026-04-27 15:41:01.798788	cschog	INGDDEFF	2025-07-29
17	Becker	Berit	1988-11-26	W	berit.becker@ekc-home.de	t	Stockemer Str. 28d	52223	Stolberg	DE	?0157 35146441	\N	\N	\N	2026-04-27 15:41:01.809318	cschog	2026-04-27 15:41:01.809318	cschog	\N	2022-12-24
18	Becker	Lutz	1956-07-16	M	becker@lutz-becker.de	t	Eisenmühlenstraße 51	52249	Eschweiler	DE	?+49 170 7739901?	02403 34900	\N	DE71390500000047107065	2026-04-27 15:41:01.819276	cschog	2026-04-27 15:41:01.819276	cschog	AACSDE33XXX	\N
19	Becker	Max	1983-05-10	M	max.becker@directbox.com	t	Stockemer Str. 28d	52223	Stolberg	DE	0177 1797454	\N	\N	DE31370400480313503500	2026-04-27 15:41:01.839655	cschog	2026-04-27 15:41:01.839655	cschog	COBADEFFXXX	2022-11-18
20	Becker	Petra	1961-05-05	W	\N	t	Eisenmühlenstraße 51	52249	Eschweiler	DE	0176 51318029	02403 503920	\N	\N	2026-04-27 15:41:01.849622	cschog	2026-04-27 15:41:01.849622	cschog	\N	\N
21	Becker	Piet	2023-09-10	M	\N	t	Stockemerstraße 28d	52223	Stolberg	DE	\N	\N	\N	\N	2026-04-27 15:41:01.859273	cschog	2026-04-27 15:41:01.859273	cschog	\N	\N
22	Becker	Ralf	1961-07-20	M	ralfbecker2007@gmail.com	t	Ahornweg 46	50226	Frechen	DE	0176 81576636	02234 4358800	\N	DE05300209002007613253	2026-04-27 15:41:01.868257	cschog	2026-04-27 15:41:01.868257	cschog	CMCIDEDD	2024-02-21
23	Becker	Theo	2020-02-10	M	\N	t	Stockemer Str. 28d	52223	Stolberg	DE	\N	\N	\N	\N	2026-04-27 15:41:01.876135	cschog	2026-04-27 15:41:01.876135	cschog	\N	\N
24	Bierbrauer	Bjarne	2005-02-12	M	bjarnebierbrauer@gmail.com	t	Im Hüttengarten 16	52372	Kreuzau	DE	\N	02422 503736	\N	\N	2026-04-27 15:41:01.886673	cschog	2026-04-27 15:41:01.886673	cschog	\N	\N
25	Bierbrauer	Sandra	1970-02-28	W	bierbrausa@gmx.de	t	Im Hüttengarten 16	52372	Kreuzau	DE	0157 80815735	02422 503736	\N	DE86370501981003313614	2026-04-27 15:41:01.894795	cschog	2026-04-27 15:41:01.894795	cschog	COLSDE33XXX	\N
26	Bierbrauer	Stella	2005-02-12	W	\N	t	Im Hüttengarten 16	52372	Kreuzau	DE	\N	02422 503736	\N	\N	2026-04-27 15:41:01.903192	cschog	2026-04-27 15:41:01.903192	cschog	\N	\N
27	Birfeld	Michael	1976-04-22	M	michael@birfeld.de	t	Auf dem Hügel 6	52249	Eschweiler	DE	0171 5453032	02403 22331	\N	DE30300209002204761229	2026-04-27 15:41:01.91372	cschog	2026-04-27 15:41:01.91372	cschog	CMCIDEDDXXX	2024-03-22
28	Birfeld	Nina	1984-12-26	W	\N	t	Auf dem Hügel 6	52249	Eschweiler	DE	\N	02403 22331	\N	\N	2026-04-27 15:41:01.923457	cschog	2026-04-27 15:41:01.923457	cschog	\N	\N
29	Birfeld	Rosemarie	1941-04-08	W	michael@birfeld.de	t	Grabenstr. 42	52249	Eschweiler	DE	\N	02403 22331	\N	DE43391629806104580023	2026-04-27 15:41:01.931284	cschog	2026-04-27 15:41:01.931284	cschog	GENODED1WUR	\N
30	Birfeld	Stephanie	1973-04-05	W	stephanie@birfeld.de	t	Grabenstr. 42	52250	Eschweiler	DE	\N	02403 22331	\N	DE16370800400169192200	2026-04-27 15:41:01.942045	cschog	2026-04-27 15:41:01.942045	cschog	DRESDEFF370	\N
31	Boegershausen	Kai Björn	1983-02-14	M	kai.boegershausen@gmx.de	t	Schidlachstr. 3	A-6020	Innsbruck	DE	0170 5417942	02408-4319	\N	DE14390500000007788656	2026-04-27 15:41:01.950835	cschog	2026-04-27 15:41:01.950835	cschog	AACSDE33XXX	\N
32	Brittner	Siegfried	1962-08-11	M	Siegfried.Brittner@freenet.de	t	Adenauerring 39	52499	Baesweiler	DE	0151 14036505	02401 939438	\N	DE66390500000027005651	2026-04-27 15:41:01.960867	cschog	2026-04-27 15:41:01.960867	cschog	AACSDE33XXX	\N
33	Brosius	Johannes	1951-11-28	M	J.Brosius@mail-brosius.de	t	Dürener Str. 403	52249	Eschweiler	DE	0171 4336622	02403 28767	\N	DE03393622542501305041	2026-04-27 15:41:01.970885	cschog	2026-04-27 15:41:01.970885	cschog	GENODED1RSC	\N
34	Brosius	Margot	1953-05-07	W	\N	t	Dürener Str. 403	52249	Eschweiler	DE	\N	02403 889475	\N	\N	2026-04-27 15:41:01.979992	cschog	2026-04-27 15:41:01.979992	cschog	\N	\N
35	Brune-Sieren	Christian	1976-06-15	M	\N	t	Ackermannfeld 8	47647	Kerken	DE	\N	\N	\N	\N	2026-04-27 15:41:01.989829	cschog	2026-04-27 15:41:01.989829	cschog	\N	2026-02-19
36	Burmeister	Domenick	1996-06-19	M	domenick.burmeister@gmx.de	t	Rütger-von-Scheven-Str. 92	52349	Düren	DE	?0177 7369782?	\N	\N	DE87500105175452290350	2026-04-27 15:41:01.997945	cschog	2026-04-27 15:41:01.997945	cschog	INGDDEFFXXX	\N
37	Bürschgens	Bert	1960-09-25	M	bert.buerschgens@ekc-home.de	t	Heidbüchel 69	52156	Imgenbroich	DE	0162 5447990	02472 8025503	\N	DE18370601931010057015	2026-04-27 15:41:02.005733	cschog	2026-04-27 15:41:02.005733	cschog	GENODED1PAX	2024-10-15
38	Bürschgens	Oskar	2000-04-05	M	oskar.buerschgens@gmail.com	t	Im Gillesbachtal 19	52066	Aachen	DE	0157 37182608	\N	\N	\N	2026-04-27 15:41:02.015665	cschog	2026-04-27 15:41:02.015665	cschog	\N	\N
39	Cogel	Manfred	1963-02-18	M	m.cogel@web.de	t	Urbanusstrasse 2	52353	Düren	DE	0175 1955 198	\N	\N	DE06390500000021002043	2026-04-27 15:41:02.023671	cschog	2026-04-27 15:41:02.023671	cschog	AACSDE33XXX	2024-09-17
40	Correnz	Christian	1993-10-16	W	ccorrenz@outlook.de	t	Kettlerstraße 16a	50169	Kerpen-Horrem	DE	0152 57901414	\N	\N	\N	2026-04-27 15:41:02.031244	cschog	2026-04-27 15:41:02.031244	cschog	\N	\N
41	Correnz	Paula	1995-09-19	W	paula_linda@gmx.de	t	Kettlerstraße 16a	50169	Kerpen-Horrem	DE	0152 32742054	\N	\N	\N	2026-04-27 15:41:02.039635	cschog	2026-04-27 15:41:02.039635	cschog	\N	\N
42	da Fonseca	Cristiano	1974-12-16	M	cristiano.fonseca@gmx.de	t	Bismarckstr. 33	52066	Aachen	DE	0178 7220400	0241 92040798	\N	\N	2026-04-27 15:41:02.048169	cschog	2026-04-27 15:41:02.048169	cschog	\N	\N
43	da Fonseca	Raúl Henrique	2007-11-28	M	\N	t	Bismarckstr. 33	52066	Aachen	DE	\N	\N	\N	\N	2026-04-27 15:41:02.056466	cschog	2026-04-27 15:41:02.056466	cschog	\N	\N
44	Damen	Marion	1959-02-18	W	marion_damen@web.de	t	Hofenburger Str. 2	52080	Aachen	DE	0177 3883973	0241 162869	\N	\N	2026-04-27 15:41:02.065009	cschog	2026-04-27 15:41:02.065009	cschog	\N	\N
45	Damen	Rainer	1954-11-09	M	rainer.damen@web.de	t	Hofenburger Str. 2	52080	Aachen	DE	\N	0241 162869	\N	DE60390500000016035156	2026-04-27 15:41:02.074739	cschog	2026-04-27 15:41:02.074739	cschog	AACSDE33XXX	\N
46	Dickmeis	Doris	1949-06-15	W	\N	t	Martin-Luther-Str. 51	52249	Eschweiler	DE	\N	02403 25596	\N	\N	2026-04-27 15:41:02.081789	cschog	2026-04-27 15:41:02.081789	cschog	\N	\N
47	Dickmeis	Werner	1947-11-07	M	doris.dickmeis@tischlerei-dickmeis.de	t	Martin-Luther-Str. 51	52249	Eschweiler	DE	\N	02403 25596	\N	DE68395800410177341000	2026-04-27 15:41:02.088541	cschog	2026-04-27 15:41:02.088541	cschog	DRESDEFF395	\N
48	Dobbelstein	Karl-Heinz	1969-05-04	M	k.dobbelstein@web.de	t	Buchhalter Weg 7a	52355	Düren	DE	\N	02403 7040356	\N	DE74390500000006255558	2026-04-27 15:41:02.095515	cschog	2026-04-27 15:41:02.095515	cschog	AACSDE33XXX	\N
49	Dohr	Ralf	1962-06-14	M	ralf_dohr@web.de	t	An der Kapelle 12	52076	Aachen	DE	0175 3528971	\N	\N	DE47390500001070859077	2026-04-27 15:41:02.104076	cschog	2026-04-27 15:41:02.104076	cschog	AACSDE33XXX	\N
50	Dürbeck Alonso	Fritz	2021-09-03	M	\N	t	Viktoriastr. 83a	52066	Aachen	DE	\N	\N	\N	\N	2026-04-27 15:41:02.121173	cschog	2026-04-27 15:41:02.121173	cschog	\N	\N
51	Dürbeck Alonso	Nino	2024-10-03	M	\N	t	Viktoriastr. 83a	52066	Aachen	DE	0163 1787137	\N	\N	\N	2026-04-27 15:41:02.129241	cschog	2026-04-27 15:41:02.129241	cschog	\N	\N
52	Dürbeck	Cassandra	1993-02-07	W	cassandra.duerbeck@web.de	t	Viktoriastr. 83a	52066	Aachen	DE	0163 1787137	\N	\N	\N	2026-04-27 15:41:02.138467	cschog	2026-04-27 15:41:02.138467	cschog	\N	\N
53	Dürbeck	Hannes	1999-09-25	M	hannes.duerbeck@web.de	t	Bismarckstr. 88	52066	Aachen	DE	0157 76007608	0241 85671	\N	\N	2026-04-27 15:41:02.147675	cschog	2026-04-27 15:41:02.147675	cschog	\N	2019-02-22
54	Dürbeck	Lilli	1996-01-30	W	ldurbeck@yahoo.de	t	Branderhofer Weg 50	52066	Aachen	DE	0177 5073225	0241 85671	\N	\N	2026-04-27 15:41:02.156492	cschog	2026-04-27 15:41:02.156492	cschog	\N	\N
55	Dürbeck	Susanne	1965-03-20	W	sduerbeck@aino-ahrend.de	t	Branderhofer Weg 50	52066	Aachen	DE	0176 21310754	0241 85671	\N	\N	2026-04-27 15:41:02.165029	cschog	2026-04-27 15:41:02.165029	cschog	\N	\N
56	Falk	Jörg	1959-12-19	M	joergfalk@gmx.net	t	Av. Adolphe Lacomble 57	B-1030	Bruxelles	DE	0157 36147161?	\N	\N	DE84500105175402590708	2026-04-27 15:41:02.177776	cschog	2026-04-27 15:41:02.177776	cschog	INGDDEFF	\N
57	Floege	Marie	1992-03-01	W	marie.floege@gmx.de	t	Bismarckstr. 185	52066	Aachen	DE	0157 54770461	\N	\N	DE54500105175456983998	2026-04-27 15:41:02.190619	cschog	2026-04-27 15:41:02.190619	cschog	INGDDEFFXXX	\N
58	Frohnhofen	Hans	1960-08-07	M	hans-gerd.frohnhofen@arcor.de	t	Pletschmühlenstrasse 15	41849	Wassenberg	DE	0157 7288 3428	\N	\N	DE79310108339910435182	2026-04-27 15:41:02.204198	cschog	2026-04-27 15:41:02.204198	cschog	SCFBDE33XXX	2025-07-02
59	Gatzen	Louis	2006-07-28	M	louis.gatzen@ekc-home.de	t	Heerlener Str. 103a	52531	Übach-Palenberg	DE	\N	02451 4094829	\N	\N	2026-04-27 15:41:02.212079	cschog	2026-04-27 15:41:02.212079	cschog	\N	\N
60	Gatzen	Lutz	2009-09-16	M	lutz.gatzen@ekc-home.de	t	Heerlener Str. 103a	52531	Übach-Palenberg	DE	\N	02451 4094829	\N	\N	2026-04-27 15:41:02.220291	cschog	2026-04-27 15:41:02.220291	cschog	\N	\N
61	Gatzen	Markus	1971-11-11	M	markus.gatzen@ekc-home.de	t	Heerlener Str. 103a	52531	Übach-Palenberg	DE	?+49 152 53957181?	02451 4094829	\N	DE54312512200006405773	2026-04-27 15:41:02.227341	cschog	2026-04-27 15:41:02.227341	cschog	WELADED1ERK	2024-03-12
62	Gatzen	Nicole	1974-10-02	W	nicole.gatzen@ekc-home.de	t	Heerlener Str. 103a	52531	Übach-Palenberg	DE	\N	02451 4094829	\N	\N	2026-04-27 15:41:02.237307	cschog	2026-04-27 15:41:02.237307	cschog	\N	2019-01-29
63	Giedke	Rolf	1970-06-29	M	info@giedke.com	t	Hohenzollernplatz 4	52068	Aachen	DE	0179 5074522	0241 5153507	\N	DE34390500000005309752	2026-04-27 15:41:02.247068	cschog	2026-04-27 15:41:02.247068	cschog	AACSDE33XXX	\N
64	Girod	Marion	1980-12-26	W	marion.girod@web.de	t	Im Vennbahnbogen 24	52076	Aachen	DE	0151 56661450	0241 56520464	\N	\N	2026-04-27 15:41:02.259682	cschog	2026-04-27 15:41:02.259682	cschog	\N	2022-03-25
65	Großheide	Darja	1968-05-18	W	d.grossheide@web.de	t	Urbanusstrasse 2	52353	Düren	DE	0170 1282 419	\N	\N	DE06390500000021002043	2026-04-27 15:41:02.277718	cschog	2026-04-27 15:41:02.277718	cschog	AACSDE33XXX	2024-09-17
66	Großimlinghaus	Jana	2024-01-14	W	\N	t	Boicher Str. 290	52146	Würselen	DE	\N	\N	\N	\N	2026-04-27 15:41:02.288605	cschog	2026-04-27 15:41:02.288605	cschog	\N	\N
67	Großimlinghaus	Jasmina	1988-11-14	W	j.grossimlinghaus@gmail.com	t	Boicher Str. 290	52146	Würselen	DE	0172 8396306	02407 9549979	\N	\N	2026-04-27 15:41:02.301698	cschog	2026-04-27 15:41:02.301698	cschog	\N	2019-03-22
68	Großimlinghaus	Patric	1982-04-21	M	patric.grossimlinghaus@ekc-home.de	t	Boicher Str. 290	52146	Würselen	DE	0175 7777730	\N	\N	DE33390500000040015497	2026-04-27 15:41:02.310189	cschog	2026-04-27 15:41:02.310189	cschog	AACSDE33XXX	2019-03-22
69	Großimlinghaus	Paula	2018-04-24	W	\N	t	Boicher Str. 290	52146	Würselen	DE	\N	\N	\N	\N	2026-04-27 15:41:02.318883	cschog	2026-04-27 15:41:02.318883	cschog	\N	\N
70	Grossmann	Detlef	1961-06-12	M	detlef.grossmann@t-online.de	t	Erlenweg 35	52249	Eschweiler	DE	0176 96451239	02403 52253 (Praxis)	\N	DE82300606010103825833	2026-04-27 15:41:02.32707	cschog	2026-04-27 15:41:02.32707	cschog	DAAEDEDDXXX	2019-02-06
71	Günther	Carl August	1955-06-17	M	office@caguenther.de	t	Klatterstr. 25	52222	Stolberg	DE	0151 12105721	\N	\N	DE52391629805506767018	2026-04-27 15:41:02.335943	cschog	2026-04-27 15:41:02.335943	cschog	GENODED1WUR	\N
72	Habicht	Ralf	1960-05-07	M	post@ralfhabicht.de	t	Klostergasse 1a	52525	Heinsberg	DE	0163 8018801	02452 101888	\N	DE83312512200007006554	2026-04-27 15:41:02.346112	cschog	2026-04-27 15:41:02.346112	cschog	WELADED1ERK	\N
73	Hamann	Franz	1951-10-04	M	franz.hamann@ekc-home.de	t	Apollinarisstr. 16	52372	Kreuzau	DE	\N	02422 6448	\N	\N	2026-04-27 15:41:02.357423	cschog	2026-04-27 15:41:02.357423	cschog	\N	2024-04-26
74	Herweg	Manfred	1967-09-17	M	m.herweg@dn-connect.de	t	Bachstr. 220	52355	Düren	DE	01781041580	\N	\N	DE33395501100005539671	2026-04-27 15:41:02.368591	cschog	2026-04-27 15:41:02.368591	cschog	SDUEDE33XXX	2025-02-01
75	Heuschen	Anja	1983-02-13	W	anja.heuschen@ekc-home.de	t	Am Tüljebach 3	B-4720	Kelmis	DE	0176 56517139	\N	\N	DE72120300001009498013	2026-04-27 15:41:02.377527	cschog	2026-04-27 15:41:02.377527	cschog	BYLADEM1001	2022-04-04
76	Heuschen	Christoph	1981-02-09	M	chrisheuschen@hotmail.com	t	Am Tüljebach 3	B-4720	Kelmis	DE	\N	\N	\N	DE72120300001009498013	2026-04-27 15:41:02.387071	cschog	2026-04-27 15:41:02.387071	cschog	BYLADEM1001	2022-04-04
77	Heuschen	Jonathan	2016-05-14	M	\N	t	Am Tüljebach 3	B-4720	Kelmis	DE	\N	\N	\N	\N	2026-04-27 15:41:02.396034	cschog	2026-04-27 15:41:02.396034	cschog	\N	\N
78	Heuschen	Marlena	2018-09-15	W	\N	t	Am Tüljebach 3	B-4720	Kelmis	DE	\N	\N	\N	\N	2026-04-27 15:41:02.404507	cschog	2026-04-27 15:41:02.404507	cschog	\N	\N
79	Hilgers	Denise	1994-03-05	W	d.hilgers@aixbau.de	t	Wallonischer Ring 33	52222	Stolberg	DE	\N	\N	\N	\N	2026-04-27 15:41:02.412485	cschog	2026-04-27 15:41:02.412485	cschog	\N	2023-03-18
80	Hilgers	Elsa	1989-05-01	W	elsahilgers@gmail.com	t	\N	\N	\N	DE	015776026979	\N	\N	\N	2026-04-27 15:41:02.421863	cschog	2026-04-27 15:41:02.421863	cschog	\N	\N
81	Hilgers	Finnya	2017-07-09	W	\N	t	Wallonischer Ring 33	52222	Stolberg	DE	\N	\N	\N	\N	2026-04-27 15:41:02.432233	cschog	2026-04-27 15:41:02.432233	cschog	\N	\N
82	Hilgers	Fiona	2019-08-31	W	\N	t	Wallonischer Ring 33	52222	Stolberg	DE	\N	\N	\N	\N	2026-04-27 15:41:02.439221	cschog	2026-04-27 15:41:02.439221	cschog	\N	\N
83	Hilgers	Heiner	1986-05-11	M	hilgers@aixbau.com	t	Wallonischer Ring 33	52222	Stolberg	DE	0151 56613927	\N	\N	DE81390800050225395100	2026-04-27 15:41:02.448889	cschog	2026-04-27 15:41:02.448889	cschog	DRESDEFF390	2023-03-18
84	Hilgers	Karl-Heinz	1954-06-02	M	khhilgers@hilgers-huelsdonk.de	t	Auf´m Kraner 20	52134	Herzogenrath	DE	0172 9394068	02407 800763	\N	DE24390500000003470812	2026-04-27 15:41:02.457393	cschog	2026-04-27 15:41:02.457393	cschog	AACSDE33XXX	\N
85	Holdt	Ulrike	1983-06-24	W	ulli.holdt@freenet.de	t	Theodor-Heuss-Str. 2	68649	Groß-Rohrheim	DE	0160 2164484	\N	\N	DE63660100750255419757	2026-04-27 15:41:02.4659	cschog	2026-04-27 15:41:02.4659	cschog	PBNKDEFF660	\N
86	Hüls	Gaby	1971-04-20	W	\N	t	Ahornweg 46	50226	Frechen	DE	\N	02234 4358800	\N	\N	2026-04-27 15:41:02.474315	cschog	2026-04-27 15:41:02.474315	cschog	\N	\N
87	Jäger	Finn	1999-10-17	M	finn.jaeger17@gmail.com	t	Knöpgerweg 14	52074	Aachen	DE	?+49 157 57180795?	0241 75382	\N	DE68390500000023012222	2026-04-27 15:41:02.482333	cschog	2026-04-27 15:41:02.482333	cschog	AACSDE33XXX	\N
88	Jansen	Manu	1967-05-14	W	\N	t	Buchhalter Weg 7a	52355	Düren	DE	\N	\N	\N	\N	2026-04-27 15:41:02.492594	cschog	2026-04-27 15:41:02.492594	cschog	\N	\N
89	Kämper	Caspar	2025-07-08	M	\N	t	Hagener Str. 33a 	58553	Halver	DE	\N	\N	\N	\N	2026-04-27 15:41:02.50466	cschog	2026-04-27 15:41:02.50466	cschog	\N	\N
90	Kämper	Christopher	1986-01-20	M	christopher.kaemper@ekc-home.de	t	Hagener Str. 33a 	58553	Halver	DE	0160 96752391	\N	\N	DE43458500050000641167	2026-04-27 15:41:02.516314	cschog	2026-04-27 15:41:02.516314	cschog	WELADED1LSD	\N
91	Kämper	Clara	1988-09-17	W	clara.holzner@gmx.de	t	Hagener Str. 33a 	58553	Halver	DE	0151 25205732	\N	\N	\N	2026-04-27 15:41:02.525012	cschog	2026-04-27 15:41:02.525012	cschog	\N	\N
92	Kämper	Lutz	2022-10-20	M	\N	t	Hagener Str. 33a 	58553	Halver	DE	\N	\N	\N	\N	2026-04-27 15:41:02.538349	cschog	2026-04-27 15:41:02.538349	cschog	\N	\N
93	Karasimos	Britta	1976-01-16	W	karasimou@web.de	t	Am Stadion 29	52379	Langerwehe	DE	01789352897	\N	\N	DE90120300001057441394	2026-04-27 15:41:02.544378	cschog	2026-04-27 15:41:02.544378	cschog	BYLADEM1001	\N
94	Kessler	Vicky	1991-02-01	W	vicky.kessler@ekc-home.de	t	Hehlrather Straße 79	52249	Eschweiler	DE	+49 178 8117 539	\N	\N	DE10320700240014865000	2026-04-27 15:41:02.552324	cschog	2026-04-27 15:41:02.552324	cschog	DEUTDEDB320	2023-03-08
95	Keuneke	Lasse	1998-08-18	M	Lasse-keuneke@gmx.de	t	Am Pappelweiher 16	52066	Aachen	DE	?+49 157 86135736?	0241 538335	\N	DE53120300001010929881	2026-04-27 15:41:02.558501	cschog	2026-04-27 15:41:02.558501	cschog	BYLADEM1001	\N
96	Kickartz	Mark	1970-10-05	M	mark.kickartz@icloud.com	t	Malmedyer Str. 34	52066	Aachen	DE	?0157 89094518?	\N	\N	DE53390500000013005681	2026-04-27 15:41:02.567935	cschog	2026-04-27 15:41:02.567935	cschog	AACSDE33XXX	\N
97	Kickartz	Petra	1966-10-31	W	petrakickartz@gmail.com	t	Malmedyer Str. 34	52066	Aachen	DE	?0157 34591818?	\N	\N	\N	2026-04-27 15:41:02.581187	cschog	2026-04-27 15:41:02.581187	cschog	\N	\N
98	Kirch	Barbara	1965-11-19	W	kirch@pathologie-neuss.de	t	Ährenweg 9	50933	Köln	DE	0176 88074347	0221 17075641	\N	DE79370501981000143683	2026-04-27 15:41:02.587687	cschog	2026-04-27 15:41:02.587687	cschog	COLSDE33XXX	\N
99	Kleinekorte	Klaas	1994-05-10	M	klaas.kleinekorte@web.de	t	Neumarkt 11	52066	Aachen	DE	0160 91702245	0241 543840	\N	\N	2026-04-27 15:41:02.594152	cschog	2026-04-27 15:41:02.594152	cschog	\N	\N
100	Kleinekorte	Klaus	1957-10-15	M	klaus.kleinekorte@ekc-home.de	t	Neumarkt 11	52066	Aachen	DE	0172 2560698	0241 543840	\N	DE12390500000003005816	2026-04-27 15:41:02.600663	cschog	2026-04-27 15:41:02.600663	cschog	AACSDE33XXX	\N
101	Kleinekorte	Lasse	1996-12-09	M	hibbihugo@gmx.de	t	Neumarkt 11	52066	Aachen	DE	0160 1075098	0241 543840	\N	\N	2026-04-27 15:41:02.614362	cschog	2026-04-27 15:41:02.614362	cschog	\N	\N
102	Klinkenberg	Thomas	\N	M	thomas@rafting-aachen.de	t	\N	\N	\N	DE	\N	\N	\N	\N	2026-04-27 15:41:02.631134	cschog	2026-04-27 15:41:02.631134	cschog	\N	\N
103	Knur	Marion	1967-05-16	W	marion.knur@web.de	t	Bismarckstr. 33	52066	Aachen	DE	0160 6540759	0241 92040798	\N	DE68390500000022026314	2026-04-27 15:41:02.647124	cschog	2026-04-27 15:41:02.647124	cschog	AACSDE33XXX	2024-02-15
104	Kociok	Andreas	1993-12-30	M	andreas.kociok@googlemail.com	t	Paul-Röntgen-Str. 3	52072	Aachen	DE	0157 74449499	\N	\N	DE63660501011020948673	2026-04-27 15:41:02.666392	cschog	2026-04-27 15:41:02.666392	cschog	KARSDE66XXX	\N
105	Kohl	Sina	1987-02-17	W	sina.kohl@web.de	t	Aachener Str. 42	52222	Stolberg	DE	0178 6831521	\N	\N	\N	2026-04-27 15:41:02.687633	cschog	2026-04-27 15:41:02.687633	cschog	\N	\N
106	Kohlschütter	Christa	1957-07-08	W	fam-kohlschuetter@t-online.de	t	Neue Aue 29	52355	Düren	DE	0172 6335388	02421 680439	\N	DE02395501100052432648	2026-04-27 15:41:02.703343	cschog	2026-04-27 15:41:02.703343	cschog	SDUEDE33XXX	\N
107	Kohlschütter	Rainer	1956-09-23	M	\N	t	Neue Aue 29	52355	Düren	DE	0170 8340355	02421 680439	\N	DE02395501100052432648	2026-04-27 15:41:02.725007	cschog	2026-04-27 15:41:02.725007	cschog	SDUEDE33XXX	\N
108	Kohnert	Helen	2004-09-19	W	helen.kohnert@ekc-home.de	t	Bismarckstr. 128	52066	Aachen	DE	?0176 60317984?	0241 6088639	\N	DE49266500010103024568	2026-04-27 15:41:02.745852	cschog	2026-04-27 15:41:02.745852	cschog	NOLADE21EMS	2024-04-10
109	Kotte	Herbert	1959-08-19	M	Kotte.Herbert@gmail.com	t	Südstr. 38	53340	Meckenheim	DE	\N	02225 16947	\N	DE69380601860311694014	2026-04-27 15:41:02.766219	cschog	2026-04-27 15:41:02.766219	cschog	GENODED1BRS	\N
110	Kretek	Thomas	1985-04-23	M	tkretek@gmail.com	t	Bourscheidtstrasse 40	52249	Eschweiler	DE	0163 7708668	keine	\N	DE52120300001011216825	2026-04-27 15:41:02.790851	cschog	2026-04-27 15:41:02.790851	cschog	BYLADEM1001	\N
111	Lauber	Adam	2021-02-22	M	\N	t	Wallenthaler Str. 16	53925	Kall	DE	\N	\N	\N	\N	2026-04-27 15:41:02.816704	cschog	2026-04-27 15:41:02.816704	cschog	\N	\N
112	Lauber	Alexander	1985-07-31	M	alexanderlauber@gmx.de	t	Wallenthaler Str. 16	53925	Kall	DE	01774019257	\N	\N	\N	2026-04-27 15:41:02.838814	cschog	2026-04-27 15:41:02.838814	cschog	\N	\N
113	Lauber	Faried	2017-11-28	M	\N	t	Wallenthaler Str. 16	53925	Kall	DE	\N	\N	\N	\N	2026-04-27 15:41:02.874702	cschog	2026-04-27 15:41:02.874702	cschog	\N	\N
114	Lauber	Liya	2019-04-08	W	\N	t	Wallenthaler Str. 16	53925	Kall	DE	01774019257	\N	\N	\N	2026-04-27 15:41:02.897089	cschog	2026-04-27 15:41:02.897089	cschog	\N	\N
115	Lauber	Nura	2023-07-02	W	\N	t	Wallenthaler Str. 16	53925	Kall	DE	\N	\N	\N	\N	2026-04-27 15:41:02.91057	cschog	2026-04-27 15:41:02.91057	cschog	\N	\N
116	Lauber	Salima	1990-09-25	W	salimagisch@gmx.de	t	Wallenthaler Str. 16	53925	Kall	DE	017672970150	\N	\N	DE75370502991046039885	2026-04-27 15:41:02.916482	cschog	2026-04-27 15:41:02.916482	cschog	COKSDE33XXX	\N
117	Lersch	Frank	1975-09-16	M	\N	t	Elsaßstr. 11	52068	Aachen	DE	\N	02403 29706	\N	\N	2026-04-27 15:41:02.926272	cschog	2026-04-27 15:41:02.926272	cschog	\N	\N
118	Lersch	Jack	2012-06-04	M	\N	t	Elsaßstr. 11	52068	Aachen	DE	\N	\N	\N	\N	2026-04-27 15:41:02.945291	cschog	2026-04-27 15:41:02.945291	cschog	\N	\N
119	Lersch	Luka	2018-12-20	W	\N	t	Elsaßstr. 11	52068	Aachen	DE	\N	\N	\N	\N	2026-04-27 15:41:02.964636	cschog	2026-04-27 15:41:02.964636	cschog	\N	\N
120	Lersch	Marc	1973-01-22	M	marclersch@haus-lersch.de	t	Dürener Str. 62a	52249	Eschweiler	DE	0171 5355504	02403 29706	\N	DE14391629806104035017	2026-04-27 15:41:02.979734	cschog	2026-04-27 15:41:02.979734	cschog	GENODED1WUR	\N
121	Lersch	Nicole	1973-04-27	W	\N	t	Dürener Str. 62a	52249	Eschweiler	DE	\N	02403 29706	\N	\N	2026-04-27 15:41:03.008307	cschog	2026-04-27 15:41:03.008307	cschog	\N	\N
122	Lersch	Rita	1946-09-30	W	\N	t	Dürener Str. 62a	52249	Eschweiler	DE	\N	02403 29706	\N	DE14391629806104035017	2026-04-27 15:41:03.033448	cschog	2026-04-27 15:41:03.033448	cschog	GENODED1WUR	\N
123	Leuf	Linda	1990-11-08	W	linhilgers@gmx.de	t	Graf-Reginar-Straße 49	54295	Trier	DE	01577 357 0445	\N	\N	\N	2026-04-27 15:41:03.057268	cschog	2026-04-27 15:41:03.057268	cschog	\N	\N
124	Lierenfeld	Florian	1993-11-03	M	lierenfeld.florian@googlemail.com	t	Stadionstr. 1	52249	Eschweiler	DE	?0151 40252030?	\N	\N	DE67500105175424450934	2026-04-27 15:41:03.068597	cschog	2026-04-27 15:41:03.068597	cschog	INGDDEFFXXX	\N
125	Lorbach	Frauke	1979-05-19	W	wolke.lorbach@t-online.de	t	Ringstr. 60	52078	Aachen	DE	0171 6205649	0241 16028111	\N	\N	2026-04-27 15:41:03.08024	cschog	2026-04-27 15:41:03.08024	cschog	\N	\N
126	Lorbach	Joost	2013-03-07	M	\N	t	Ringstr. 60	52078	Aachen	DE	\N	0241 16028111	\N	\N	2026-04-27 15:41:03.088878	cschog	2026-04-27 15:41:03.088878	cschog	\N	\N
127	Lorbach	Leo	2015-12-30	M	\N	t	Ringstr. 60	52078	Aachen	DE	\N	0241 16028111	\N	\N	2026-04-27 15:41:03.108146	cschog	2026-04-27 15:41:03.108146	cschog	\N	\N
128	Lorbach	Wolfgang	1973-01-11	M	wolke.lorbach@t-online.de	t	Ringstr. 60	52078	Aachen	DE	0170 5268630	0241 16028111	\N	DE12430609678042167200	2026-04-27 15:41:03.124972	cschog	2026-04-27 15:41:03.124972	cschog	GENODEM1GLS	\N
129	Mertens	Axel	1952-09-29	M	ax-mertens@t-online.de	t	Langwahn 35	52249	Eschweiler	DE	\N	02403 33317	\N	DE98390500000006229033	2026-04-27 15:41:03.150741	cschog	2026-04-27 15:41:03.150741	cschog	AACSDE33XXX	\N
130	Mertens	Maria	1950-08-27	W	\N	t	Langwahn 35	52249	Eschweiler	DE	\N	02403 33317	\N	\N	2026-04-27 15:41:03.15804	cschog	2026-04-27 15:41:03.15804	cschog	\N	\N
131	Metzmacher	Ben	2004-08-03	M	benmetzmacher@gmail.com	t	\N	\N	\N	DE	?+49 170 7731413?	\N	\N	\N	2026-04-27 15:41:03.164023	cschog	2026-04-27 15:41:03.164023	cschog	\N	2022-10-13
132	Metzmacher	Birgit	1970-06-07	W	birgit-metzmacher@rureifel-kanu.de	t	Eichgasse 9	52393	Hürtgenwald	DE	?+49 170 7731413?	\N	\N	DE25382600826607546019	2026-04-27 15:41:03.176147	cschog	2026-04-27 15:41:03.176147	cschog	GENODED1EVB	2022-10-11
133	Molitor	Andreas	1980-12-13	M	andreas.molitor@web.de	t	Birkenweg 57	52080	Aachen	DE	0175 1115674	\N	\N	DE48120300001064088881	2026-04-27 15:41:03.182383	cschog	2026-04-27 15:41:03.182383	cschog	BYLADEM1001	2024-11-01
134	Molitor	Ella	2014-09-03	W	ella.molitor@ekc-home.de	t	Birkenweg 57	52080	Aachen	DE	\N	\N	\N	\N	2026-04-27 15:41:03.19839	cschog	2026-04-27 15:41:03.19839	cschog	\N	\N
135	Molitor	Hannes	2016-09-11	M	\N	t	Birkenweg 57	52080	Aachen	DE	\N	\N	\N	\N	2026-04-27 15:41:03.206303	cschog	2026-04-27 15:41:03.206303	cschog	\N	\N
136	Molitor	Nadja	1978-01-25	W	nadjamolitor@mail.de	t	Birkenweg 57	52080	Aachen	DE	0171 6983124	\N	\N	\N	2026-04-27 15:41:03.212322	cschog	2026-04-27 15:41:03.212322	cschog	\N	2025-03-07
137	Nimmerrichter	Wolfgang	1952-01-25	M	topgun.wn43@gmail.com	t	Zeisigweg 35	52146	Würselen	DE	0152 5352 0055	02405 4969393	\N	\N	2026-04-27 15:41:03.217202	cschog	2026-04-27 15:41:03.217202	cschog	\N	\N
138	Nischik	Carmen	1964-11-03	W	carmen.nischik@t-online.de	t	Neumarkt 11	52066	Aachen	DE	0172 5976603	0241 543840	\N	\N	2026-04-27 15:41:03.22274	cschog	2026-04-27 15:41:03.22274	cschog	\N	\N
139	Nogarth	Birgit	1958-08-15	W	bnogarth@gmx.de	t	Burgstr. 31	53505	Altenahr	DE	0157 77283732	02643 2775?	\N	\N	2026-04-27 15:41:03.22789	cschog	2026-04-27 15:41:03.22789	cschog	\N	2019-03-02
140	Nogarth	Ulli	1956-02-14	M	unogarth@gmx.de	t	Burgstr. 31	53505	Altenahr	DE	?0160 92353562	02643 2775?	\N	DE06550905000001030132	2026-04-27 15:41:03.232594	cschog	2026-04-27 15:41:03.232594	cschog	GENODEF1S01	2019-03-02
141	Oesterreich	Anja	1965-12-30	W	anja.oesterreich@ekc-home.de	t	Monschauer Str. 1	52388	Nörvenich	DE	0157 87916140	02235 692638	\N	\N	2026-04-27 15:41:03.238312	cschog	2026-04-27 15:41:03.238312	cschog	\N	2023-04-19
142	Packbier	Peter	1955-12-31	M	k.p.packbier@gmail.com	t	Hamicher Straße 83	52379	Langerwehe-Heistern	DE	0177 185 4016	\N	\N	\N	2026-04-27 15:41:03.243272	cschog	2026-04-27 15:41:03.243272	cschog	\N	\N
143	Patschorke	Johanna	1995-07-14	W	johanna.patschorke@ekc-home.de	t	Ostheimerstraße 97	51103	Köln	DE	157 82581284	0241 84188	\N	DE63120300001052017058	2026-04-27 15:41:03.24918	cschog	2026-04-27 15:41:03.24918	cschog	BYLADEM1001	2022-08-02
144	Petry	Heike	1961-05-09	W	heikepetry@web.de	t	Heidbüchel 69	52156	Imgenbroich	DE	0160 95720424	02472 8025503	\N	DE71390500000008560914	2026-04-27 15:41:03.257164	cschog	2026-04-27 15:41:03.257164	cschog	AACSDE33XXX	2019-02-16
145	Pick	Jürgen	1938-11-03	M	jrgnpck@t-online.de	t	Gartenstr. 6	52249	Eschweiler	DE	\N	02403 26879	\N	DE28390500000006237762	2026-04-27 15:41:03.267456	cschog	2026-04-27 15:41:03.267456	cschog	AACSDE33XXX	\N
146	Pippall	Anna	1988-02-04	W	anna.pippall@ekc-home.de	t	Parkstr. 198	58515	Lüdenscheid	DE	0151 53651343	043676 7349544	\N	DE47500105175421312180	2026-04-27 15:41:03.272877	cschog	2026-04-27 15:41:03.272877	cschog	INGDDEFFXXX	\N
147	Plettenberg	Frank	1964-03-04	M	frank.plettenberg@ekc-home.de	t	Frankenberger Str. 27	52066	Aachen	DE	0173 5431586	0241 543584	\N	DE64390500000022029102	2026-04-27 15:41:03.278397	cschog	2026-04-27 15:41:03.278397	cschog	AACSDE33XXX	2019-02-28
148	Plum	Burghard	1990-12-17	M	burghard.plum@freenet.de	t	Niedermerzer Straße 22	52457	Aldenhoven	DE	?0178 9180661?	\N	\N	DE79390500001070674104	2026-04-27 15:41:03.285498	cschog	2026-04-27 15:41:03.285498	cschog	AACSDE33	\N
149	Plum	Clara	1992-06-05	W	clara.plum@ekc-home.de	t	Immendorfer Weg 25	52511	Geilenkirchen	DE	0157 72530785	02451 9070246	\N	DE39500105175424011640	2026-04-27 15:41:03.29138	cschog	2026-04-27 15:41:03.29138	cschog	INGDDEFF	2019-02-12
150	Pontzen	Sebastian	1978-11-29	M	sebastian.pontzen@gmx.de	t	Moresneter str. 52	B 4720	Kelmis	DE	0172 8878123	0032 686160076	\N	DE98500105175406210399	2026-04-27 15:41:03.29798	cschog	2026-04-27 15:41:03.29798	cschog	INGDDEFFXXX	\N
151	Pookamkom	Mano	1989-11-30	M	ba_kom@gmx.de	t	Kurt-Tocholsky 1	52249	Eschweiler	DE	0176 4599 5668	\N	\N	DE36500240248896294201	2026-04-27 15:41:03.303737	cschog	2026-04-27 15:41:03.303737	cschog	DEFFDEFFXXX	\N
152	Reißen	Sabine	1956-07-26	W	\N	t	An der Kapelle 12	52076	Aachen	DE	0176 53608273	0241 523813	\N	\N	2026-04-27 15:41:03.308389	cschog	2026-04-27 15:41:03.308389	cschog	\N	\N
153	Röhll	Clara	2008-12-11	W	\N	t	Rellinghauser Str. 214	45136	Essen	DE	\N	\N	\N	\N	2026-04-27 15:41:03.313779	cschog	2026-04-27 15:41:03.313779	cschog	\N	\N
154	Röhll	Oliver	1973-04-16	M	oliver.roehll@ekc-home.de	t	Rellinghauser Str. 214	45136	Essen	DE	0151 22669469	0201-251253	\N	DE41500105175416061290	2026-04-27 15:41:03.320905	cschog	2026-04-27 15:41:03.320905	cschog	INGDDEFFXXX	\N
155	Rosenbaum	Jürgen	1960-04-01	M	rosenbaum2025@outlook.de	t	Stockweg 11	52372	Kreuzau	DE	0152 2695 3737	\N	\N	DE88120300001078894241	2026-04-27 15:41:03.32554	cschog	2026-04-27 15:41:03.32554	cschog	BYLADEM1001	\N
156	Rosenbaum	Petra	1958-04-12	W	petra.rosenbaum@ekc-home.de	t	Stockweg 11	52372	Kreuzau	DE	+ 49 173 4555193?	\N	\N	DE88120300001078894241	2026-04-27 15:41:03.330055	cschog	2026-04-27 15:41:03.330055	cschog	BYLADEM1001	\N
157	Rössler	Josef	1948-10-18	M	josef.roessler@roessler.de	t	Auf dem Horst 2	52224	Stolberg	DE	?0171 8663521?	?0241 9009000?	\N	DE49390500000006252225	2026-04-27 15:41:03.334157	cschog	2026-04-27 15:41:03.334157	cschog	AACSDE33XXX	\N
158	Runde	Jaron	2008-09-14	M	jaron.r@tonigs.de	t	Im Grüntal 1	52066	Aachen	DE	0157 8833 627	\N	\N	\N	2026-04-27 15:41:03.33825	cschog	2026-04-27 15:41:03.33825	cschog	\N	\N
159	Runde	Luise	2003-08-02	M	luise@tonigs.de	t	Am Römerhof 52	52066	Aachen	DE	0178 1090 430	\N	\N	\N	2026-04-27 15:41:03.342805	cschog	2026-04-27 15:41:03.342805	cschog	\N	2024-03-21
160	Rütten	Johann	2013-06-07	M	\N	t	Grünstr. 15	52459	Inden	DE	\N	\N	\N	\N	2026-04-27 15:41:03.348967	cschog	2026-04-27 15:41:03.348967	cschog	\N	\N
161	Rütten	Julia	1979-11-27	W	Juliaruetten@web.de	t	Grünstr. 15	52459	Inden	DE	?0157 32411279?	\N	\N	\N	2026-04-27 15:41:03.354401	cschog	2026-04-27 15:41:03.354401	cschog	\N	2023-03-04
162	Rütten	Linda	2010-07-05	W	\N	t	Grünstr. 15	52459	Inden	DE	\N	\N	\N	\N	2026-04-27 15:41:03.359694	cschog	2026-04-27 15:41:03.359694	cschog	\N	\N
163	Rzehak	Caroline	1981-08-20	W	stenzel-caroline@web.de	t	Malmedyer Str. 34	52066	Aachen	DE	0178 544 3950	0234 79452692	\N	\N	2026-04-27 15:41:03.364981	cschog	2026-04-27 15:41:03.364981	cschog	\N	\N
164	Rzehak	Dominik	1982-12-27	M	dominik.rzehak@gmx.de	t	Greppenweg 20	CH-4900	Langenthal	DE	0160 6393140	0234 79452692	\N	DE71120300000012195053	2026-04-27 15:41:03.370416	cschog	2026-04-27 15:41:03.370416	cschog	BYLADEM1001	\N
165	Rzehak	Enie	2021-12-07	W	\N	t	Ardennenstr. 28a	52249	Eschweiler	DE	\N	\N	\N	\N	2026-04-27 15:41:03.375182	cschog	2026-04-27 15:41:03.375182	cschog	\N	\N
166	Rzehak	Hannah	1986-09-06	W	hannah.rzehak@ekc-home.de	t	Ardennenstr. 28a	52249	Eschweiler	DE	0176 32476955	02403 7825231	\N	DE67390500001073057513	2026-04-27 15:41:03.391233	cschog	2026-04-27 15:41:03.391233	cschog	AACSDE33XXX	2024-03-01
167	Rzehak	Ida	2016-07-25	W	\N	t	Ardennenstr. 28a	52249	Eschweiler	DE	\N	02403 7825233	\N	\N	2026-04-27 15:41:03.397168	cschog	2026-04-27 15:41:03.397168	cschog	\N	\N
168	Rzehak	Jette	2019-10-24	W	\N	t	Ardennenstr. 28a	52249	Eschweiler	DE	\N	\N	\N	\N	2026-04-27 15:41:03.404474	cschog	2026-04-27 15:41:03.404474	cschog	\N	\N
169	Rzehak	Kalle	2018-05-28	M	\N	t	Ardennenstr. 28a	52249	Eschweiler	DE	\N	\N	\N	\N	2026-04-27 15:41:03.41145	cschog	2026-04-27 15:41:03.41145	cschog	\N	\N
170	Rzehak	Lucy	2016-08-26	W	\N	t	Malmedyer Str. 34	52066	Aachen	DE	\N	\N	\N	\N	2026-04-27 15:41:03.418657	cschog	2026-04-27 15:41:03.418657	cschog	\N	\N
171	Rzehak	Pascal	1989-12-17	M	pascal.rzehak@ekc-home.de	t	Ardennenstr. 28a	52249	Eschweiler	DE	0157 82590013	02403 7825231	\N	\N	2026-04-27 15:41:03.426512	cschog	2026-04-27 15:41:03.426512	cschog	\N	2024-09-07
172	Schäfer	Heinz	1949-11-21	M	h-schaefer1@freenet.de	t	Am Mortes 18	52372	Kreuzau	DE	0170-5121637	02422 1613	\N	DE05370605900000345881	2026-04-27 15:41:03.440973	cschog	2026-04-27 15:41:03.440973	cschog	GENODED1SPK	\N
173	Schilgen	Marie	2016-02-24	W	\N	t	Rurseeallee 18	50859	Köln	DE	\N	\N	\N	\N	2026-04-27 15:41:03.448532	cschog	2026-04-27 15:41:03.448532	cschog	\N	\N
174	Schilgen	Meike	1981-01-21	W	mail@meike-schilgen.de	t	Rurseeallee 18	50859	Köln	DE	0176 21653212	\N	\N	\N	2026-04-27 15:41:03.454699	cschog	2026-04-27 15:41:03.454699	cschog	\N	\N
175	Schilgen	Tim	1983-02-15	M	tim.schilgen@ekc-home.de	t	Rurseeallee 18	50859	Köln	DE	0177 2671606	\N	\N	DE70330400010237407200	2026-04-27 15:41:03.459284	cschog	2026-04-27 15:41:03.459284	cschog	COBADEFFXXX	\N
176	Schmitz	Hans-Georg	1965-10-23	M	hans-georg.schmitz@ekc-home.de	t	Im Vennbahnbogen 24	52076	Aachen	DE	0151 58227002	0241 56520464	\N	DE78390500001070800998	2026-04-27 15:41:03.465141	cschog	2026-04-27 15:41:03.465141	cschog	AACSDE33XXX	2022-03-15
177	Schmitz-Mühlfeld	Charlotte	2016-12-29	W	\N	t	Im Vennbahnbogen 24	52076	Aachen	DE	\N	\N	\N	\N	2026-04-27 15:41:03.470498	cschog	2026-04-27 15:41:03.470498	cschog	\N	\N
178	Schneider	Ellie	2008-05-16	W	ellie.schneider@web.de	t	Pierer Str. 19	52379	Langerwehe	DE	0160 9311 5389	02423 406 865	\N	DE15395501101201064316	2026-04-27 15:41:03.476251	cschog	2026-04-27 15:41:03.476251	cschog	SDUEDE33XXX	\N
179	Schneider	Piet	1974-02-14	M	\N	t	Pierer Str. 19	52379	Langerwehe	DE	\N	\N	\N	\N	2026-04-27 15:41:03.481677	cschog	2026-04-27 15:41:03.481677	cschog	\N	\N
180	Schneider	Tanja	1977-05-08	W	Tanja.schneider@ekc-home.de	t	Pierer Str. 19	52379	Langerwehe	DE	0173 3844 904	02423 406 865	\N	DE15395501101201064316	2026-04-27 15:41:03.486997	cschog	2026-04-27 15:41:03.486997	cschog	SDUEDE33XXX	2024-02-27
181	Schog	Arne	1986-04-02	M	info@arneschog.de	t	Aachener Str. 42	52222	Stolberg	DE	0157 39447697	\N	\N	DE35120300001207979012	2026-04-27 15:41:03.491667	cschog	2026-04-27 15:41:03.491667	cschog	BYLADEM1001	\N
182	Schog	Chris	1955-08-28	M	chris.schog@ekc-home.de	t	Ardennenstr. 82	52076	Aachen	DE	0171 3766824	02408 81549	\N	DE67390800050225646000	2026-04-27 15:41:03.498224	cschog	2026-04-27 15:41:03.498224	cschog	DRESDEFF390	2024-02-24
183	Schog	Eddy	2018-02-11	M	\N	t	Aachener Str. 42	52222	Stolberg	DE	\N	\N	\N	\N	2026-04-27 15:41:03.504235	cschog	2026-04-27 15:41:03.504235	cschog	\N	\N
184	Schog	Finn	2011-09-21	M	finn.schog@ekc-home.de	t	Hubertusstr. 13	53125	Bonn	DE	?+49 162 8319550?	\N	\N	\N	2026-04-27 15:41:03.513002	cschog	2026-04-27 15:41:03.513002	cschog	\N	\N
185	Schog	Hildegard	1956-08-19	W	hildegard.schog@ekc-home.de	t	Ardennenstr. 82	52076	Aachen	DE	0160 1581526	02408 81549	\N	\N	2026-04-27 15:41:03.520001	cschog	2026-04-27 15:41:03.520001	cschog	\N	2022-05-10
186	Schog	Lena	2017-08-15	W	\N	t	Hubertusstr. 13	53125	Bonn	DE	\N	\N	\N	\N	2026-04-27 15:41:03.525857	cschog	2026-04-27 15:41:03.525857	cschog	\N	\N
187	Schog	Mona	2014-06-10	W	mona.schog@ekc-home.de	t	Hubertusstr. 13	53125	Bonn	DE	0176 7282 4192	\N	\N	\N	2026-04-27 15:41:03.532415	cschog	2026-04-27 15:41:03.532415	cschog	\N	\N
188	Schog	Nicole	1980-12-31	W	nicole.schog@web.de	t	Hubertusstr. 13	53125	Bonn	DE	0179 2995019	\N	\N	DE05430609674089654200	2026-04-27 15:41:03.540669	cschog	2026-04-27 15:41:03.540669	cschog	GENODEM1GLS	2021-08-25
189	Schog	Sam	2024-05-18	M	\N	t	Aachener Str. 42	52222	Stolberg	DE	\N	\N	\N	\N	2026-04-27 15:41:03.547777	cschog	2026-04-27 15:41:03.547777	cschog	\N	\N
190	Schog	Sven	1983-05-25	M	sven.schog@ekc-home.de	t	Hubertusstr. 13	53125	Bonn	DE	0163 2379651	\N	\N	\N	2026-04-27 15:41:03.557322	cschog	2026-04-27 15:41:03.557322	cschog	\N	2024-06-07
191	Schog	Vinz	2020-03-08	M	\N	t	Aachener Str. 42	52222	Stolberg	DE	\N	\N	\N	\N	2026-04-27 15:41:03.562302	cschog	2026-04-27 15:41:03.562302	cschog	\N	\N
192	Schröder	Alexander	2009-12-16	M	alex.schroeder@ekc-home.de	t	Jakobstr. 17	52459	Inden	DE	?0179 1668225?	?02465 304910?	\N	DE31500105175428169107	2026-04-27 15:41:03.571096	cschog	2026-04-27 15:41:03.571096	cschog	INGDDEFFXXX	\N
193	Schröder	Nathalie	\N	W	mail@nathalie-schroeder.de	t	Jakobstr. 17	52459	Inden	DE	\N	?02465 304910?	\N	DE31500105175428169107	2026-04-27 15:41:03.584549	cschog	2026-04-27 15:41:03.584549	cschog	INGDDEFFXXX	\N
194	Schroiff	Hans-Jürgen	1959-05-19	M	hjschroiff@googlemail.com	t	Am Fresenberg 25	52249	Eschweiler	DE	\N	02403 24439	\N	DE36390400130720145200	2026-04-27 15:41:03.591815	cschog	2026-04-27 15:41:03.591815	cschog	COBADEFF390	\N
195	Schuster	Michaela	1963-05-14	W	\N	t	Margarethe-Schurz-Str. 3	52134	Herzogenrath	DE	0163 5549655	02406 7002	\N	\N	2026-04-27 15:41:03.597616	cschog	2026-04-27 15:41:03.597616	cschog	\N	\N
196	Schuster	Ralf	1964-01-02	M	schuster.ralf@gmx.de	t	Margarethe-Schurz-Str. 3	52134	Herzogenrath	DE	0163 5549655	02406 7002	\N	DE16390500000006908636	2026-04-27 15:41:03.602324	cschog	2026-04-27 15:41:03.602324	cschog	AACSDE33XXX	2023-03-30
197	Sieren	Anna	1982-08-07	W	\N	t	Ackermannfeld 8	47647	Kerken	DE	\N	\N	\N	\N	2026-04-27 15:41:03.608575	cschog	2026-04-27 15:41:03.608575	cschog	\N	2026-02-19
198	Sieren	Emma	2015-06-24	W	\N	t	Ackermannfeld 8	47647	Kerken	DE	\N	\N	\N	\N	2026-04-27 15:41:03.624879	cschog	2026-04-27 15:41:03.624879	cschog	\N	\N
199	Sieren	Julian	2018-11-08	M	\N	t	Ackermannfeld 8	47647	Kerken	DE	\N	\N	\N	\N	2026-04-27 15:41:03.647535	cschog	2026-04-27 15:41:03.647535	cschog	\N	\N
200	Sonthoff	Nico	1993-03-26	M	nico.sonthoff@web.de	t	Bismarckstr. 185	52066	Aachen	DE	0163 4438386	\N	\N	DE54500105175456983998	2026-04-27 15:41:03.658322	cschog	2026-04-27 15:41:03.658322	cschog	INGDDEFFXXX	\N
201	Tonigs	Elgin	1989-12-06	W	elgin@tonigs.de	t	Flat 14/ 132 Battersea Church Road	UK-SW11 3NA	London	DE	0178 3933860	0241 5150962	\N	DE55120300001019769940	2026-04-27 15:41:03.668071	cschog	2026-04-27 15:41:03.668071	cschog	BYLADEM1001	2024-07-04
202	Tonigs	Jarmila	1992-02-11	W	jarmila.tonigs@ekc-home.de	t	Charlottenstr. 30	52070	Aachen	DE	0157 85414276	\N	\N	DE57390500001072675513	2026-04-27 15:41:03.67915	cschog	2026-04-27 15:41:03.67915	cschog	AACSDE33XXX	2019-06-13
203	Tonigs	Nils	1964-04-24	M	nils@tonigs.de	t	Im Grüntal 1	52066	Aachen	DE	0152 5545 481	\N	\N	DE96390500000013021688	2026-04-27 15:41:03.68856	cschog	2026-04-27 15:41:03.68856	cschog	AACSDE33XXX	2024-05-09
204	Tonigs-Celis	Anton	2025-10-29	M	\N	t	Flat 14/ 132 Battersea Church Road	UK-SW11 3NA	London	DE	\N	0241 5150962	\N	\N	2026-04-27 15:41:03.70529	cschog	2026-04-27 15:41:03.70529	cschog	\N	\N
205	Tonigs-Celis	Lukas	2022-05-21	M	\N	t	Flat 14/ 132 Battersea Church Road	UK-SW11 3NA	London	DE	\N	0241 5150962	\N	\N	2026-04-27 15:41:03.712091	cschog	2026-04-27 15:41:03.712091	cschog	\N	\N
206	Tonigs-Celis	Michiel	1988-10-21	M	\N	t	Flat 14/ 132 Battersea Church Road	UK-SW11 3NA	London	DE	\N	0241 5150962	\N	\N	2026-04-27 15:41:03.719511	cschog	2026-04-27 15:41:03.719511	cschog	\N	\N
207	Tschörtner	Anouk	2011-11-22	W	\N	t	Kreuzstr. 64	52146	Würselen	DE	\N	\N	\N	\N	2026-04-27 15:41:03.729941	cschog	2026-04-27 15:41:03.729941	cschog	\N	\N
208	Tschörtner	Christoph	1975-01-02	M	ctschoertner@gmx.de	t	Kreuzstr. 64	52146	Würselen	DE	0163 2933430	\N	\N	DE42370800400428069600	2026-04-27 15:41:03.739355	cschog	2026-04-27 15:41:03.739355	cschog	DRESDEFF370	2022-05-04
209	Tschörtner	Judith	1980-10-22	W	jtschoertner@gmx.de	t	Kreuzstr. 64	52146	Würselen	DE	0176 22749280	\N	\N	\N	2026-04-27 15:41:03.75114	cschog	2026-04-27 15:41:03.75114	cschog	\N	2022-05-13
210	Tschörtner	Milo	2014-01-23	M	\N	t	Kreuzstr. 64	52146	Würselen	DE	\N	\N	\N	\N	2026-04-27 15:41:03.763911	cschog	2026-04-27 15:41:03.763911	cschog	\N	\N
211	von Thenen	Christian	1985-08-31	M	christian.von-thenen@gmx.de	t	Kirchratherstraße 3	52134	Herzogenrath-Merkstein	DE	\N	\N	\N	\N	2026-04-27 15:41:03.774045	cschog	2026-04-27 15:41:03.774045	cschog	\N	\N
212	von Thenen	Hannah	1990-04-01	W	h.vthenen@outlook.de	t	Kirchratherstraße 3	52134	Herzogenrath-Merkstein	DE	0179 2335 577	\N	\N	DE38390500000022013080	2026-04-27 15:41:03.781924	cschog	2026-04-27 15:41:03.781924	cschog	AACSDE33XXX	\N
213	von Thenen	Jacob	2019-03-10	M	\N	t	Reimserstr. 49	52074	Aachen	DE	\N	\N	\N	\N	2026-04-27 15:41:03.791346	cschog	2026-04-27 15:41:03.791346	cschog	\N	\N
214	von Thenen	Thea	2022-10-26	W	\N	t	Reimserstr. 49	52074	Aachen	DE	\N	\N	\N	\N	2026-04-27 15:41:03.799772	cschog	2026-04-27 15:41:03.799772	cschog	\N	\N
215	Wadham	Paul	1965-06-30	M	wadhamp@gmx.de	t	Heidbüchel 8	52372	Kreuzau	DE	0173 7968687	02422 1676	\N	DE04382600826401075010	2026-04-27 15:41:03.811403	cschog	2026-04-27 15:41:03.811403	cschog	GENODED1EVB	\N
216	Wadham	Storm	1950-08-25	W	storm@wadham.de	t	Heidbüchel 8	52372	Kreuzau	DE	0163 8681855	02422 1676	\N	\N	2026-04-27 15:41:03.822995	cschog	2026-04-27 15:41:03.822995	cschog	\N	\N
217	Wagner	Heike	1970-01-17	W	h.wagner@so-le.de	t	Rellinghauser Str. 214	45136	Essen	DE	0163-2847311	0201-251253	\N	\N	2026-04-27 15:41:03.84054	cschog	2026-04-27 15:41:03.84054	cschog	\N	\N
218	Waschulewski	Bernd	1959-02-12	M	bernd.waschulewski@t-online.de	t	Am Römerhof 13	52066	Aachen	DE	0173 5496066	0241 69532	\N	DE72500333002026312900	2026-04-27 15:41:03.855563	cschog	2026-04-27 15:41:03.855563	cschog	SCFBDE33XXX	\N
219	Weckwerth	Andreas	1967-08-16	M	andreas.weckwerth@ekc-home.de	t	Monschauer Str. 1	52388	Nörvenich	DE	0157 87916139	02235 692638	\N	DE62370502991157043621	2026-04-27 15:41:03.87341	cschog	2026-04-27 15:41:03.87341	cschog	COKSDE33XXX	2023-04-19
220	Weise	Anton	2015-03-03	M	\N	t	Max-Gutmann-Str. 8a	86159	Augsburg	DE	\N	0821 26722970	\N	\N	2026-04-27 15:41:03.892853	cschog	2026-04-27 15:41:03.892853	cschog	\N	\N
221	Weise	Carl	2011-12-15	M	\N	t	Max-Gutmann-Str. 8a	86159	Augsburg	DE	\N	0821 26722970	\N	\N	2026-04-27 15:41:03.921459	cschog	2026-04-27 15:41:03.921459	cschog	\N	\N
222	Weise	Christine	1979-03-20	W	cmemmel@web.de	t	Max-Gutmann-Str. 8a	86159	Augsburg	DE	0178 5094574	0821 26722970	\N	\N	2026-04-27 15:41:03.939246	cschog	2026-04-27 15:41:03.939246	cschog	\N	2022-03-21
223	Weise	Johannes	2004-01-04	M	johannesweise6@gmail.com	t	Uhlandstr. 83	44791	Bochum	DE	0171 1170 627	0234 5840 244	\N	DE93430601290108273000	2026-04-27 15:41:03.956373	cschog	2026-04-27 15:41:03.956373	cschog	GENODEM1BOC	2022-07-09
224	Weise	Niels	1977-08-01	M	weise@email.de	t	Max-Gutmann-Str. 8a	86159	Augsburg	DE	0170 1876449	0821 26722970	\N	DE48720500000251296059	2026-04-27 15:41:03.98894	cschog	2026-04-27 15:41:03.98894	cschog	AUGSDE77XXX	2022-03-21
225	Wortmann	Franz	1952-07-21	M	franz-j.wortmann@t-online.de	t	Hermann-Sudermann Str. 2	52078	Aachen	DE	01515 3000665	0241 90075439	\N	DE38390500000022013080	2026-04-27 15:41:04.006272	cschog	2026-04-27 15:41:04.006272	cschog	AACSDE33XXX	2023-03-02
226	Wortmann	Gabriele	1952-08-13	W	gabriele-ek.wortmann@t-online.de	t	Hermann-Sudermann Str. 2	52078	Aachen	DE	01515 3395135	0241 90075439	\N	\N	2026-04-27 15:41:04.031762	cschog	2026-04-27 15:41:04.031762	cschog	\N	\N
227	Wyatt	Fynn	2002-06-08	M	\N	t	Hohenzollernplatz 4	52068	Aachen	DE	\N	0241 8874930	\N	\N	2026-04-27 15:41:04.047609	cschog	2026-04-27 15:41:04.047609	cschog	\N	\N
228	Wyatt	Nico	2004-09-28	M	\N	t	Hohenzollernplatz 4	52068	Aachen	DE	\N	0241 8874930	\N	\N	2026-04-27 15:41:04.065492	cschog	2026-04-27 15:41:04.065492	cschog	\N	\N
229	Wyatt	Sophie	1971-02-02	W	\N	t	Hohenzollernplatz 4	52068	Aachen	DE	\N	0241 8874930	\N	\N	2026-04-27 15:41:04.098062	cschog	2026-04-27 15:41:04.098062	cschog	\N	\N
230	Zirngibl	Elke	1965-03-11	W	zirngibl-elke@t-online.de	t	Hamicher Straße 83	52379	Langerwehe-Heistern	DE	0151 56977180	\N	\N	DE98370609936068413600	2026-04-27 15:41:04.110085	cschog	2026-04-27 15:41:04.110085	cschog	GENODEF1P13	2024-07-17
\.


--
-- Data for Name: planung; Type: TABLE DATA; Schema: ekc_eschweilerkanuclub; Owner: kcuser
--

COPY ekc_eschweilerkanuclub.planung (id, veranstaltung_id, eingereicht) FROM stdin;
1	1	t
\.


--
-- Data for Name: planung_position; Type: TABLE DATA; Schema: ekc_eschweilerkanuclub; Owner: kcuser
--

COPY ekc_eschweilerkanuclub.planung_position (id, planung_id, kategorie, betrag, kommentar) FROM stdin;
1	1	UNTERKUNFT	2500.00	Camp Midi
2	1	VERPFLEGUNG	5948.00	Verpflegung
3	1	FAHRTKOSTEN	4800.00	Sprit und Peage
4	1	VERBRAUCHSMATERIAL	500.00	
5	1	TEILNEHMERBEITRAG	8400.00	
6	1	SONSTIGE_EINNAHMEN	1268.00	
7	1	KJFP_ZUSCHUSS	4080.00	
\.


--
-- Data for Name: teilnehmer; Type: TABLE DATA; Schema: ekc_eschweilerkanuclub; Owner: kcuser
--

COPY ekc_eschweilerkanuclub.teilnehmer (id, veranstaltung_id, person_id, rolle, created_at, created_by, last_modified_at, last_modified_by, individueller_beitrag, finanz_gruppe_id, bezahlt, bezahlt_am) FROM stdin;
2	2	166	L	2026-04-27 16:50:15.174629	cschog	2026-04-27 16:50:15.174629	cschog	\N	\N	f	\N
3	3	166	L	2026-04-27 17:54:58.733717	cschog	2026-04-27 17:54:58.733717	cschog	\N	\N	f	\N
4	1	165	\N	2026-04-27 17:56:11.172465	cschog	2026-04-27 17:56:11.172465	cschog	\N	\N	f	\N
5	1	167	\N	2026-04-27 17:56:11.184593	cschog	2026-04-27 17:56:11.184593	cschog	\N	\N	f	\N
6	1	168	\N	2026-04-27 17:56:11.192866	cschog	2026-04-27 17:56:11.192866	cschog	\N	\N	f	\N
7	1	169	\N	2026-04-27 17:56:11.200939	cschog	2026-04-27 17:56:11.200939	cschog	\N	\N	f	\N
9	1	133	\N	2026-04-27 17:56:23.977975	cschog	2026-04-27 17:56:23.977975	cschog	\N	\N	f	\N
10	1	134	\N	2026-04-27 17:56:23.994584	cschog	2026-04-27 17:56:23.994584	cschog	\N	\N	f	\N
11	1	135	\N	2026-04-27 17:56:24.011253	cschog	2026-04-27 17:56:24.011253	cschog	\N	\N	f	\N
12	1	136	\N	2026-04-27 17:56:24.021786	cschog	2026-04-27 17:56:24.021786	cschog	\N	\N	f	\N
14	1	197	\N	2026-04-27 17:56:38.066135	cschog	2026-04-27 17:56:38.066135	cschog	\N	\N	f	\N
15	1	198	\N	2026-04-27 17:56:38.082924	cschog	2026-04-27 17:56:38.082924	cschog	\N	\N	f	\N
16	1	199	\N	2026-04-27 17:56:38.09845	cschog	2026-04-27 17:56:38.09845	cschog	\N	\N	f	\N
19	1	79	\N	2026-04-28 09:51:32.574464	cschog	2026-04-28 09:51:32.574464	cschog	\N	\N	f	\N
20	1	81	\N	2026-04-28 09:51:32.588591	cschog	2026-04-28 09:51:32.588591	cschog	\N	\N	f	\N
23	1	192	\N	2026-04-28 09:51:47.47098	cschog	2026-04-28 09:51:47.47098	cschog	\N	\N	f	\N
25	1	184	\N	2026-04-28 09:52:10.756498	cschog	2026-04-28 09:52:10.756498	cschog	\N	\N	f	\N
26	1	185	\N	2026-04-28 09:52:10.769733	cschog	2026-04-28 09:52:10.769733	cschog	\N	\N	f	\N
27	1	187	\N	2026-04-28 09:52:10.778137	cschog	2026-04-28 09:52:10.778137	cschog	\N	\N	f	\N
28	1	190	\N	2026-04-28 09:52:10.782786	cschog	2026-04-28 09:52:10.782786	cschog	\N	\N	f	\N
29	1	66	\N	2026-04-28 09:53:39.298467	cschog	2026-04-28 09:53:39.298467	cschog	\N	\N	f	\N
30	1	67	\N	2026-04-28 09:53:39.308388	cschog	2026-04-28 09:53:39.308388	cschog	\N	\N	f	\N
31	1	68	\N	2026-04-28 09:53:39.317295	cschog	2026-04-28 09:53:39.317295	cschog	\N	\N	f	\N
33	1	176	\N	2026-04-28 09:53:59.160445	cschog	2026-04-28 09:53:59.160445	cschog	\N	\N	f	\N
34	1	177	\N	2026-04-28 09:53:59.172719	cschog	2026-04-28 09:53:59.172719	cschog	\N	\N	f	\N
35	1	64	\N	2026-04-28 09:54:09.72646	cschog	2026-04-28 09:54:09.72646	cschog	\N	\N	f	\N
36	1	93	\N	2026-04-28 09:54:32.474725	cschog	2026-04-28 09:54:32.474725	cschog	\N	\N	f	\N
38	1	220	\N	2026-04-28 09:56:25.962849	cschog	2026-04-28 09:56:25.962849	cschog	\N	\N	f	\N
39	1	221	\N	2026-04-28 09:56:25.973068	cschog	2026-04-28 09:56:25.973068	cschog	\N	\N	f	\N
40	1	222	\N	2026-04-28 09:56:25.986709	cschog	2026-04-28 09:56:25.986709	cschog	\N	\N	f	\N
41	1	224	\N	2026-04-28 09:56:25.998215	cschog	2026-04-28 09:56:25.998215	cschog	\N	\N	f	\N
1	1	166	L	2026-04-27 16:42:29.644861	cschog	2026-04-29 08:57:53.857511	cschog	\N	1	f	\N
8	1	171	\N	2026-04-27 17:56:11.206061	cschog	2026-04-29 08:58:01.037008	cschog	\N	1	f	\N
22	1	83	\N	2026-04-28 09:51:32.609854	cschog	2026-04-29 08:58:18.283632	cschog	\N	2	f	\N
24	1	182	\N	2026-04-28 09:52:10.752364	cschog	2026-04-29 08:58:32.401342	cschog	\N	3	f	\N
37	1	37	\N	2026-04-28 09:55:14.073399	cschog	2026-05-03 18:01:11.540542	cschog	\N	\N	f	\N
32	1	69	\N	2026-04-28 09:53:39.329315	cschog	2026-05-03 18:01:12.87743	cschog	\N	\N	f	\N
21	1	82	\N	2026-04-28 09:51:32.599358	cschog	2026-05-03 18:01:15.98204	cschog	\N	\N	f	\N
18	1	35	\N	2026-04-28 09:50:57.47207	cschog	2026-05-03 18:16:32.568523	cschog	\N	\N	f	\N
\.


--
-- Data for Name: veranstaltung; Type: TABLE DATA; Schema: ekc_eschweilerkanuclub; Owner: kcuser
--

COPY ekc_eschweilerkanuclub.veranstaltung (id, name, typ, art_der_unterkunft, art_der_verpflegung, plz, ort, country_code, beginn_datum, beginn_zeit, ende_datum, ende_zeit, verein_id, leiter_id, geplante_teilnehmer_maennlich, geplante_teilnehmer_weiblich, geplante_teilnehmer_divers, geplante_mitarbeiter_maennlich, geplante_mitarbeiter_weiblich, geplante_mitarbeiter_divers, aktiv, created_at, created_by, last_modified_at, last_modified_by, individuelle_gebuehren, standard_gebuehr, scope) FROM stdin;
2	2026 Semois	JEM	\N	\N	\N	\N	3 	2026-04-27	10:00:00	2026-04-27	18:00:00	1	166	\N	\N	\N	\N	\N	\N	f	2026-04-27 16:50:15.172222	cschog	2026-04-27 17:53:28.481314	cschog	f	\N	VEREIN
3	2026 HerbstAktiv	JEM	\N	\N	\N	\N	\N	2026-10-12	10:00:00	2026-10-15	18:00:00	1	166	\N	\N	\N	\N	\N	\N	f	2026-04-27 17:54:58.71722	cschog	2026-04-27 17:54:58.71722	cschog	f	\N	VEREIN
1	2026 Ardeche	JEM	Camping	Selbstverpflegung	\N	Vallon Pont d'Arc	12	2026-03-27	15:00:00	2026-04-12	16:00:00	1	166	8	8	\N	2	2	\N	t	2026-04-27 16:42:29.633283	cschog	2026-05-03 18:16:47.053141	cschog	t	\N	VEREIN
\.


--
-- Data for Name: verein; Type: TABLE DATA; Schema: ekc_eschweilerkanuclub; Owner: kcuser
--

COPY ekc_eschweilerkanuclub.verein (id, name, abk, strasse, plz, ort, telefon, bank_name, iban, kontoinhaber_id, created_at, created_by, last_modified_at, last_modified_by, bic, schutzkonzept, kik_zertifiziert_seit, kik_zertifiziert_bis) FROM stdin;
2	WSV Moers	WSV Moers			Moers				\N	2026-04-27 15:42:03.673837	cschog	2026-04-27 15:42:03.673837	cschog		\N	\N	\N
1	Eschweiler Kanu Club	EKC	Ardennenstraße 82	52076	Aachen	01713766824	VR-Bank eG Würselen	DE23391629806106794020	182	2026-04-27 15:35:58.090143	cschog	2026-04-28 17:42:58.209293	cschog	GENODED1WUR	2023-11-18	2003-01-01	2026-12-31
\.


--
-- Name: abrechnung_beleg_id_seq; Type: SEQUENCE SET; Schema: ekc_eschweilerkanuclub; Owner: kcuser
--

SELECT pg_catalog.setval('ekc_eschweilerkanuclub.abrechnung_beleg_id_seq', 7, true);


--
-- Name: abrechnung_buchung_id_seq; Type: SEQUENCE SET; Schema: ekc_eschweilerkanuclub; Owner: kcuser
--

SELECT pg_catalog.setval('ekc_eschweilerkanuclub.abrechnung_buchung_id_seq', 7, true);


--
-- Name: abrechnung_id_seq; Type: SEQUENCE SET; Schema: ekc_eschweilerkanuclub; Owner: kcuser
--

SELECT pg_catalog.setval('ekc_eschweilerkanuclub.abrechnung_id_seq', 1, true);


--
-- Name: erhebungsbogen_id_seq; Type: SEQUENCE SET; Schema: ekc_eschweilerkanuclub; Owner: kcuser
--

SELECT pg_catalog.setval('ekc_eschweilerkanuclub.erhebungsbogen_id_seq', 1, false);


--
-- Name: finanz_gruppe_id_seq; Type: SEQUENCE SET; Schema: ekc_eschweilerkanuclub; Owner: kcuser
--

SELECT pg_catalog.setval('ekc_eschweilerkanuclub.finanz_gruppe_id_seq', 4, true);


--
-- Name: foerdersatz_id_seq; Type: SEQUENCE SET; Schema: ekc_eschweilerkanuclub; Owner: kcuser
--

SELECT pg_catalog.setval('ekc_eschweilerkanuclub.foerdersatz_id_seq', 3, true);


--
-- Name: kik_zuschlag_id_seq; Type: SEQUENCE SET; Schema: ekc_eschweilerkanuclub; Owner: kcuser
--

SELECT pg_catalog.setval('ekc_eschweilerkanuclub.kik_zuschlag_id_seq', 1, true);


--
-- Name: mitglied_id_seq; Type: SEQUENCE SET; Schema: ekc_eschweilerkanuclub; Owner: kcuser
--

SELECT pg_catalog.setval('ekc_eschweilerkanuclub.mitglied_id_seq', 246, true);


--
-- Name: person_id_seq; Type: SEQUENCE SET; Schema: ekc_eschweilerkanuclub; Owner: kcuser
--

SELECT pg_catalog.setval('ekc_eschweilerkanuclub.person_id_seq', 230, true);


--
-- Name: planung_id_seq; Type: SEQUENCE SET; Schema: ekc_eschweilerkanuclub; Owner: kcuser
--

SELECT pg_catalog.setval('ekc_eschweilerkanuclub.planung_id_seq', 1, true);


--
-- Name: planung_position_id_seq; Type: SEQUENCE SET; Schema: ekc_eschweilerkanuclub; Owner: kcuser
--

SELECT pg_catalog.setval('ekc_eschweilerkanuclub.planung_position_id_seq', 7, true);


--
-- Name: teilnehmer_id_seq; Type: SEQUENCE SET; Schema: ekc_eschweilerkanuclub; Owner: kcuser
--

SELECT pg_catalog.setval('ekc_eschweilerkanuclub.teilnehmer_id_seq', 41, true);


--
-- Name: veranstaltung_id_seq; Type: SEQUENCE SET; Schema: ekc_eschweilerkanuclub; Owner: kcuser
--

SELECT pg_catalog.setval('ekc_eschweilerkanuclub.veranstaltung_id_seq', 3, true);


--
-- Name: verein_id_seq; Type: SEQUENCE SET; Schema: ekc_eschweilerkanuclub; Owner: kcuser
--

SELECT pg_catalog.setval('ekc_eschweilerkanuclub.verein_id_seq', 2, true);


--
-- Name: abrechnung_beleg abrechnung_beleg_abrechnung_id_beleg_nummer_key; Type: CONSTRAINT; Schema: ekc_eschweilerkanuclub; Owner: kcuser
--

ALTER TABLE ONLY ekc_eschweilerkanuclub.abrechnung_beleg
    ADD CONSTRAINT abrechnung_beleg_abrechnung_id_beleg_nummer_key UNIQUE (abrechnung_id, beleg_nummer);


--
-- Name: abrechnung_beleg abrechnung_beleg_pkey; Type: CONSTRAINT; Schema: ekc_eschweilerkanuclub; Owner: kcuser
--

ALTER TABLE ONLY ekc_eschweilerkanuclub.abrechnung_beleg
    ADD CONSTRAINT abrechnung_beleg_pkey PRIMARY KEY (id);


--
-- Name: abrechnung_buchung abrechnung_buchung_pkey; Type: CONSTRAINT; Schema: ekc_eschweilerkanuclub; Owner: kcuser
--

ALTER TABLE ONLY ekc_eschweilerkanuclub.abrechnung_buchung
    ADD CONSTRAINT abrechnung_buchung_pkey PRIMARY KEY (id);


--
-- Name: abrechnung abrechnung_pkey; Type: CONSTRAINT; Schema: ekc_eschweilerkanuclub; Owner: kcuser
--

ALTER TABLE ONLY ekc_eschweilerkanuclub.abrechnung
    ADD CONSTRAINT abrechnung_pkey PRIMARY KEY (id);


--
-- Name: abrechnung abrechnung_veranstaltung_id_key; Type: CONSTRAINT; Schema: ekc_eschweilerkanuclub; Owner: kcuser
--

ALTER TABLE ONLY ekc_eschweilerkanuclub.abrechnung
    ADD CONSTRAINT abrechnung_veranstaltung_id_key UNIQUE (veranstaltung_id);


--
-- Name: erhebungsbogen erhebungsbogen_pkey; Type: CONSTRAINT; Schema: ekc_eschweilerkanuclub; Owner: kcuser
--

ALTER TABLE ONLY ekc_eschweilerkanuclub.erhebungsbogen
    ADD CONSTRAINT erhebungsbogen_pkey PRIMARY KEY (id);


--
-- Name: erhebungsbogen erhebungsbogen_veranstaltung_id_key; Type: CONSTRAINT; Schema: ekc_eschweilerkanuclub; Owner: kcuser
--

ALTER TABLE ONLY ekc_eschweilerkanuclub.erhebungsbogen
    ADD CONSTRAINT erhebungsbogen_veranstaltung_id_key UNIQUE (veranstaltung_id);


--
-- Name: finanz_gruppe finanz_gruppe_pkey; Type: CONSTRAINT; Schema: ekc_eschweilerkanuclub; Owner: kcuser
--

ALTER TABLE ONLY ekc_eschweilerkanuclub.finanz_gruppe
    ADD CONSTRAINT finanz_gruppe_pkey PRIMARY KEY (id);


--
-- Name: finanz_gruppe finanz_gruppe_veranstaltung_id_kuerzel_key; Type: CONSTRAINT; Schema: ekc_eschweilerkanuclub; Owner: kcuser
--

ALTER TABLE ONLY ekc_eschweilerkanuclub.finanz_gruppe
    ADD CONSTRAINT finanz_gruppe_veranstaltung_id_kuerzel_key UNIQUE (veranstaltung_id, kuerzel);


--
-- Name: foerdersatz foerdersatz_pkey; Type: CONSTRAINT; Schema: ekc_eschweilerkanuclub; Owner: kcuser
--

ALTER TABLE ONLY ekc_eschweilerkanuclub.foerdersatz
    ADD CONSTRAINT foerdersatz_pkey PRIMARY KEY (id);


--
-- Name: foerdersatz foerdersatz_typ_daterange_excl; Type: CONSTRAINT; Schema: ekc_eschweilerkanuclub; Owner: kcuser
--

ALTER TABLE ONLY ekc_eschweilerkanuclub.foerdersatz
    ADD CONSTRAINT foerdersatz_typ_daterange_excl EXCLUDE USING gist (typ WITH =, daterange(gueltig_von, gueltig_bis, '[]'::text) WITH &&);


--
-- Name: foerdersatz foerdersatz_typ_gueltig_von_key; Type: CONSTRAINT; Schema: ekc_eschweilerkanuclub; Owner: kcuser
--

ALTER TABLE ONLY ekc_eschweilerkanuclub.foerdersatz
    ADD CONSTRAINT foerdersatz_typ_gueltig_von_key UNIQUE (typ, gueltig_von);


--
-- Name: kik_zuschlag kik_zuschlag_daterange_excl; Type: CONSTRAINT; Schema: ekc_eschweilerkanuclub; Owner: kcuser
--

ALTER TABLE ONLY ekc_eschweilerkanuclub.kik_zuschlag
    ADD CONSTRAINT kik_zuschlag_daterange_excl EXCLUDE USING gist (daterange(gueltig_von, gueltig_bis, '[]'::text) WITH &&);


--
-- Name: kik_zuschlag kik_zuschlag_pkey; Type: CONSTRAINT; Schema: ekc_eschweilerkanuclub; Owner: kcuser
--

ALTER TABLE ONLY ekc_eschweilerkanuclub.kik_zuschlag
    ADD CONSTRAINT kik_zuschlag_pkey PRIMARY KEY (id);


--
-- Name: mitglied mitglied_person_id_verein_id_key; Type: CONSTRAINT; Schema: ekc_eschweilerkanuclub; Owner: kcuser
--

ALTER TABLE ONLY ekc_eschweilerkanuclub.mitglied
    ADD CONSTRAINT mitglied_person_id_verein_id_key UNIQUE (person_id, verein_id);


--
-- Name: mitglied mitglied_pkey; Type: CONSTRAINT; Schema: ekc_eschweilerkanuclub; Owner: kcuser
--

ALTER TABLE ONLY ekc_eschweilerkanuclub.mitglied
    ADD CONSTRAINT mitglied_pkey PRIMARY KEY (id);


--
-- Name: person person_name_vorname_geburtsdatum_key; Type: CONSTRAINT; Schema: ekc_eschweilerkanuclub; Owner: kcuser
--

ALTER TABLE ONLY ekc_eschweilerkanuclub.person
    ADD CONSTRAINT person_name_vorname_geburtsdatum_key UNIQUE (name, vorname, geburtsdatum);


--
-- Name: person person_pkey; Type: CONSTRAINT; Schema: ekc_eschweilerkanuclub; Owner: kcuser
--

ALTER TABLE ONLY ekc_eschweilerkanuclub.person
    ADD CONSTRAINT person_pkey PRIMARY KEY (id);


--
-- Name: planung planung_pkey; Type: CONSTRAINT; Schema: ekc_eschweilerkanuclub; Owner: kcuser
--

ALTER TABLE ONLY ekc_eschweilerkanuclub.planung
    ADD CONSTRAINT planung_pkey PRIMARY KEY (id);


--
-- Name: planung_position planung_position_pkey; Type: CONSTRAINT; Schema: ekc_eschweilerkanuclub; Owner: kcuser
--

ALTER TABLE ONLY ekc_eschweilerkanuclub.planung_position
    ADD CONSTRAINT planung_position_pkey PRIMARY KEY (id);


--
-- Name: planung_position planung_position_planung_id_kategorie_key; Type: CONSTRAINT; Schema: ekc_eschweilerkanuclub; Owner: kcuser
--

ALTER TABLE ONLY ekc_eschweilerkanuclub.planung_position
    ADD CONSTRAINT planung_position_planung_id_kategorie_key UNIQUE (planung_id, kategorie);


--
-- Name: planung planung_veranstaltung_id_key; Type: CONSTRAINT; Schema: ekc_eschweilerkanuclub; Owner: kcuser
--

ALTER TABLE ONLY ekc_eschweilerkanuclub.planung
    ADD CONSTRAINT planung_veranstaltung_id_key UNIQUE (veranstaltung_id);


--
-- Name: teilnehmer teilnehmer_pkey; Type: CONSTRAINT; Schema: ekc_eschweilerkanuclub; Owner: kcuser
--

ALTER TABLE ONLY ekc_eschweilerkanuclub.teilnehmer
    ADD CONSTRAINT teilnehmer_pkey PRIMARY KEY (id);


--
-- Name: teilnehmer teilnehmer_veranstaltung_id_person_id_key; Type: CONSTRAINT; Schema: ekc_eschweilerkanuclub; Owner: kcuser
--

ALTER TABLE ONLY ekc_eschweilerkanuclub.teilnehmer
    ADD CONSTRAINT teilnehmer_veranstaltung_id_person_id_key UNIQUE (veranstaltung_id, person_id);


--
-- Name: veranstaltung veranstaltung_pkey; Type: CONSTRAINT; Schema: ekc_eschweilerkanuclub; Owner: kcuser
--

ALTER TABLE ONLY ekc_eschweilerkanuclub.veranstaltung
    ADD CONSTRAINT veranstaltung_pkey PRIMARY KEY (id);


--
-- Name: verein verein_pkey; Type: CONSTRAINT; Schema: ekc_eschweilerkanuclub; Owner: kcuser
--

ALTER TABLE ONLY ekc_eschweilerkanuclub.verein
    ADD CONSTRAINT verein_pkey PRIMARY KEY (id);


--
-- Name: abrechnung_beleg_finanz_gruppe_id_idx; Type: INDEX; Schema: ekc_eschweilerkanuclub; Owner: kcuser
--

CREATE INDEX abrechnung_beleg_finanz_gruppe_id_idx ON ekc_eschweilerkanuclub.abrechnung_beleg USING btree (finanz_gruppe_id);


--
-- Name: finanz_gruppe_veranstaltung_id_idx; Type: INDEX; Schema: ekc_eschweilerkanuclub; Owner: kcuser
--

CREATE INDEX finanz_gruppe_veranstaltung_id_idx ON ekc_eschweilerkanuclub.finanz_gruppe USING btree (veranstaltung_id);


--
-- Name: foerdersatz_gueltig_von_gueltig_bis_idx; Type: INDEX; Schema: ekc_eschweilerkanuclub; Owner: kcuser
--

CREATE INDEX foerdersatz_gueltig_von_gueltig_bis_idx ON ekc_eschweilerkanuclub.foerdersatz USING btree (gueltig_von, gueltig_bis);


--
-- Name: mitglied_haupt_verein_idx; Type: INDEX; Schema: ekc_eschweilerkanuclub; Owner: kcuser
--

CREATE INDEX mitglied_haupt_verein_idx ON ekc_eschweilerkanuclub.mitglied USING btree (haupt_verein);


--
-- Name: mitglied_person_id_idx; Type: INDEX; Schema: ekc_eschweilerkanuclub; Owner: kcuser
--

CREATE INDEX mitglied_person_id_idx ON ekc_eschweilerkanuclub.mitglied USING btree (person_id);


--
-- Name: mitglied_verein_id_idx; Type: INDEX; Schema: ekc_eschweilerkanuclub; Owner: kcuser
--

CREATE INDEX mitglied_verein_id_idx ON ekc_eschweilerkanuclub.mitglied USING btree (verein_id);


--
-- Name: person_aktiv_idx; Type: INDEX; Schema: ekc_eschweilerkanuclub; Owner: kcuser
--

CREATE INDEX person_aktiv_idx ON ekc_eschweilerkanuclub.person USING btree (aktiv);


--
-- Name: person_lower_lower1_geburtsdatum_idx; Type: INDEX; Schema: ekc_eschweilerkanuclub; Owner: kcuser
--

CREATE UNIQUE INDEX person_lower_lower1_geburtsdatum_idx ON ekc_eschweilerkanuclub.person USING btree (lower((name)::text), lower((vorname)::text), geburtsdatum) WHERE (geburtsdatum IS NOT NULL);


--
-- Name: teilnehmer_person_id_idx; Type: INDEX; Schema: ekc_eschweilerkanuclub; Owner: kcuser
--

CREATE INDEX teilnehmer_person_id_idx ON ekc_eschweilerkanuclub.teilnehmer USING btree (person_id);


--
-- Name: teilnehmer_veranstaltung_id_idx; Type: INDEX; Schema: ekc_eschweilerkanuclub; Owner: kcuser
--

CREATE INDEX teilnehmer_veranstaltung_id_idx ON ekc_eschweilerkanuclub.teilnehmer USING btree (veranstaltung_id);


--
-- Name: teilnehmer_veranstaltung_id_idx1; Type: INDEX; Schema: ekc_eschweilerkanuclub; Owner: kcuser
--

CREATE UNIQUE INDEX teilnehmer_veranstaltung_id_idx1 ON ekc_eschweilerkanuclub.teilnehmer USING btree (veranstaltung_id) WHERE (rolle = 'L'::bpchar);


--
-- Name: veranstaltung_aktiv_idx; Type: INDEX; Schema: ekc_eschweilerkanuclub; Owner: kcuser
--

CREATE UNIQUE INDEX veranstaltung_aktiv_idx ON ekc_eschweilerkanuclub.veranstaltung USING btree (aktiv) WHERE (aktiv = true);


--
-- Name: veranstaltung_id_idx; Type: INDEX; Schema: ekc_eschweilerkanuclub; Owner: kcuser
--

CREATE INDEX veranstaltung_id_idx ON ekc_eschweilerkanuclub.veranstaltung USING btree (id) WHERE (aktiv = true);


--
-- Name: verein_kontoinhaber_id_idx; Type: INDEX; Schema: ekc_eschweilerkanuclub; Owner: kcuser
--

CREATE INDEX verein_kontoinhaber_id_idx ON ekc_eschweilerkanuclub.verein USING btree (kontoinhaber_id);


--
-- Name: verein_lower_lower1_idx; Type: INDEX; Schema: ekc_eschweilerkanuclub; Owner: kcuser
--

CREATE UNIQUE INDEX verein_lower_lower1_idx ON ekc_eschweilerkanuclub.verein USING btree (lower((abk)::text), lower((name)::text));


--
-- PostgreSQL database dump complete
--

\unrestrict Jvo2cbBWjMTb31o81YwppyLYXhAiA1MjXyQC04BzpKNDwvFSv8OblSgEfjaUzPe

